n,year,country,pa_tr,pa_tr_na,pa_tr_in,tr_tr,le_ra_tr,le_ra_tr_el,le_ra_tr_nel,le_li,le_el_li,le_nel_li,le_li_hi,le_li_up_hi,n_ve,n_co_tr,n_ra,n_sl_ca,n_di_ca,n_lo_di,n_ra_di,n_lo_el,n_ra_el,ca_ve,ca_co,ca_ra,ex_in,in_in,po,in_ra,gdp_pc,co_pr_le,le_mo,n_pa_air
1,2013,Belgium,:,:,:,:,6256,:,:,3595,3054.938,540.062,211,0,:,:,:,:,:,:,:,:,:,:,:,:,:,:,11137974,1.2,33350,111.8,1763,26389927
2,2013,Bulgaria,26059,25727,332,25456.3,6517,:,:,4032,2869,1163,0,0,1217,946,102,146,23,221,28,237,74,86.7,27.44,59.44,138,:,7202556,0.4,5470,50.8,605,7079292
3,2013,Czechia,174189,170790,3399,127109,15607,6926,8681,9560,3216,6345,0,0,4298,3171,1002,86,39,1126,737,770,265,288,147,138,712.433,377.675,10516125,1.4,15330,70.1,776,11891812
4,2013,Denmark,193500,181151,12349,67045,:,:,:,2615,621,1994,0,0,2139,67,2072,0,0,89,1088,36,984,141,134,7,564.636,381.475,5602628,0.5,44540,142.2,1216,27459623
5,2013,Germany,2612764,2597616,15148,776000,70425.16,41423.245,29001.915,38653.801,20344,18309.801,881,1515,:,:,:,:,:,:,:,:,:,:,:,:,:,4535,80523746,1.6,33950,106.1,12917,180783188
6,2013,Estonia,4199,4077,122,3337,2146,132,2014,1166,132,1034,0,0,267,78,65,118,6,293,46,0,19,24.1,7.7,16.4,:,:,1320174,3.2,12680,76.8,140,1958565
7,2013,Ireland,37130,36361,769,22150,:,:,:,1839,53,1786,0,0,426,:,:,:,:,:,:,:,:,40.7,:,:,17.6,:,4609779,0.5,37500,124,897,24603640
8,2013,Greece,13195,13191,5,10570,3109,792,2317,2586,437,2149,0,0,724,521,129,46,28,142,109,30,20,:,:,:,:,:,11003615,-0.9,16460,92.4,:,34023934
9,2013,Spain,558625,558239,386,184283,20861,14777,6085,15312,9275,6037,1919,789,4236,:,:,:,:,:,:,:,:,:,:,:,2661,2032,46712650,1.5,22000,97.3,14981,157731973
10,2013,France,1164822,1122265,42557,:,53739.875,:,:,30551,15860,14691,2036,8878,22246,15823,6404,:,:,3050,1220,1701,5184,:,:,:,:,:,65600350,1,31430,110.5,11552,132762875
11,2013,Croatia,24216,23810,406,16651,4090,1656,2434,2722,985,1737,0,0,541,364,129,32,16,159,106,107,23,33,19,14,285.277,183.147,4247803,2.3,10540,70,1289,5722447
12,2013,Italy,814517,811391,3126,:,24292,19432,4860,16752,11969,4783,675,181,:,:,:,:,:,976,:,1983,:,:,:,:,:,:,60277309,1.2,25690,105.2,6751,115279105
13,2013,Latvia,19730,19419,310,6149.7,2161,494,1667,1859,248,1611,0,0,:,:,104,:,:,257,25,0,79,:,:,22.12,141.763,58.198,2023825,0,9850,72.5,0,4782257
14,2013,Lithuania,4346,3807,538,5301,2188.7,242.3,1946.4,1767.6,122,1645.6,0,0,264,30,156,70,8,267,39,0,14,17.7,4.2,13.5,293,139,2974637,1.2,10790,64.7,309,3482358
15,2013,Luxembourg,20549,14838,5711,:,621,590,31,275,262,13,0,0,210,164,46,:,:,53,2,39,44,24,:,:,,,537039,1.7,82400,123.8,152,2169327
16,2013,Hungary,148379,145575,2804,136221,9523.2,4106.8,5416.4,7356.7,2968.6,4388.2,0,0,2594,2293,204,33,64,562,336,561,95,:,:,:,:,:,9895250,1.7,10350,61.1,1562.3,8441319
17,2013,Netherlands,:,:,:,105036,5102,4227,875,3013,2266,747,90,0,:,:,:,:,:,:,:,:,:,:,:,:,:,:,16779575,2.6,38550,112,2666,58077271
18,2013,Austria,235434,225063,10371,134386,9708,8041,1667,5531,3854,1677,0,237,2287,1419,657,118,93,464,226,888,431,269,:,:,319,211,8451860,2.1,35840,108.5,1719,25749724
19,2013,Poland,257461,255619,1842,:,36939,25000,11939,19328,11868,7460,0,0,7478,5606,1489,275,108,2194,221,1838,1268,490,206,284,1818.463,1251.221,38062535,0.8,10210,57.3,1482,23274484
20,2013,Portugal,126079,125945,134,63509,3242.2,2328,914.3,2544.4,1629.1,915.3,0,0,:,:,:,:,:,:,:,:,:,:,:,:,:,57.2,10503889,0.4,16030,85.3,3035,29694146
21,2013,Romania,56422,56188,233,11110,20284,8549,11735,10768,4029,6739,0,0,4025,3407,327,291,:,1116,286,679,41,270,:,:,:,:,20020074,3.2,6850,54.7,644,10016933
22,2013,Slovenia,15995,15563,432,31429,2178,1289,889,1209,500,709,0,0,355,241,109,0,5,74,70,78,39,22,5,17,211.342,140.227,2058821,1.9,16960,85.4,607.026,1265766
23,2013,Slovakia,45946,42608,3339,36098,:,:,:,3631,1586,2045,0,0,906,575,228,79,24,497,182,487,46,64.4,64.4,:,330,323,5410836,1.5,13320,70.6,419.8,1557149
24,2013,Finland,69318,68720,598,113036,8523,4842,3681,5944,3172,2772,0,622,1163,505,512,96,48,221,16,155,171,78,43,35,622,421,5426674,2.2,34540,126.1,810,16565391
25,2013,Sweden,200706,188450,12256,37947,15468,12035,3433,10957,8214,2743,0,1668,2715,893,1684,122,16,211,83,436,1601,177,28,148,2028.319,1103.97,9555893,0.4,40310,134.3,2044,31443225
26,2013,Norway,67251,66762,489,187786,4143,2746,1397,3897,2500,1397,0,64,:,:,:,:,:,:,:,:,:,:,:,:,1133.642,838.511,5051275,2,67220,160.5,392,36686364
27,2013,Switzerland,432462,418455,14007,503827,,,,5181,5172,9,0,91,:,:,:,:,:,:,:,:,:,:,:,:,:,:,8039060,0.1,58650,151.5,1419,44217568
28,2013,United Kingdom,1599484,1579843,19641,1827,31781,13105,18676,16195,5377,10818,109,0,:,:,:,:,:,:,:,:,:,:,:,:,9122.059,7766.762,63905342,2.6,30660,119.8,3756.02,210468980
29,2013,North Macedonia,853,842,11,1467,923,327,596,699,234,465,0,0,67,33,20,13,1,27,12,16,8,3.11,1.17,1.94,:,:,2062294,2.7,3880,48.9,259,:
30,2013,Türkiye,20989,20890,99,14732,11617,3304,8313,9718,2922,6796,888,:,1135,657,202,213,63,537,77,53,125,159.29,50.59,108.71,2442.471,2253.799,75627384,7.5,9710,65.7,2244,:
31,2014,Belgium,:,:,:,:,6250,:,:,3631,3088.465,542.535,211,0,:,:,:,:,:,:,:,:,:,:,:,:,:,:,11180840,0.5,33790,111.2,1763,28776258
32,2014,Bulgaria,24615,24325,289,:,6481,:,:,4023,2861,1162,0,0,:,:,:,:,:,:,:,:,:,:,:,:,387.616,:,7117453,-1.6,5590,49.3,610,7520697
33,2014,Czechia,175705,172255,3450,125790,15578,6915,8663,9559,3216,6343,0,0,4331,3209,994,82,46,1109,730,754,264,287,152,132,877.869,454.242,10512419,0.4,15670,65.4,776,12079873
34,2014,Denmark,208311,195908,12403,66378,:,:,:,2612,621,1991,0,0,2675,113,2562,0,0,93,1093,36,1469,144,131,12,678.623,531.47,5627235,0.4,44870,143.7,1232,29015133
35,2014,Germany,2693080,2678025,15055,806000,70368.128,42130.245,28237.883,38658.765,20463,18195.765,881,1513,:,:,:,:,:,:,:,:,:,:,:,:,:,5315,80767463,0.8,34540,106,12949,186445814
36,2014,Estonia,5905,5808,97,4925,2146,132,2014,1166,132,1034,0,0,280,77,71,126,6,297,52,0,19,25.25,14.84,10.41,:,:,1315819,0.5,13140,77.5,141,2019806
37,2014,Ireland,38517,37804,713,22150,:,:,:,1839,53,1786,0,0,426,:,:,:,:,:,:,:,:,40.7,:,:,17.6,:,4637852,0.3,40710,127.9,897,26310826
38,2014,Greece,13399,13356,43,10583,2762,881,1881,2238,494,1744,0,0,707,503,132,46,26,96,112,30,20,36.5,23,:,:,:,10926807,-1.4,16700,88.7,:,39117833
39,2014,Spain,559320,558301,1019,187140,20761,14730,6032,15182,9223,6052,1908,708,4238,:,:,:,:,:,:,:,:,:,:,:,:,:,46495744,-0.2,22400,96.2,15049,165354382
40,2014,France,1157679,1114684,42994,:,52005.022,:,:,29568,16033,13535,2036,8827,22898,16226,6653,:,:,3019,1214,1675,5439,:,:,:,:,:,66165980,0.6,31580,111.1,11560.142,136360671
41,2014,Croatia,21889,21528,361,15129,4014,1650,2364,2604,970,1634,0,0,529,356,129,32,12,159,106,107,23,33,19,14,236.561,130.724,4217632,0.2,10530,68.4,1290,6140797
42,2014,Italy,821722,818577,3145,317362,24278,19418,4860,16722,11940,4782,733,123,:,:,:,:,:,921,:,1807,:,:,:,:,3321,1974,60345917,0.2,25690,106.7,6844,121164587
43,2014,Latvia,19190,18938,252,6113.9,2214,502,1712,1860,251,1608,0,0,:,:,104,:,:,254,25,0,79,:,:,22.12,254.93,135.86,2001468,0.7,10150,73.7,0,4802282
44,2014,Lithuania,4126,3672,454,5262,2188.5,242.3,1946.2,1767.6,122,1645.6,0,0,234,28,133,66,7,239,34,0,17,15.7,3.9,11.8,417,263,2947862,0.2,11290,64.6,309,3798110
45,2014,Luxembourg,21503,15466,6037,:,621,590,31,275,262,13,0,0,210,164,46,:,:,50,2,39,44,24,:,:,,,549680,0.7,82590,125.8,152,2433966
46,2014,Hungary,146010,143407,2603,138236,9359,4033,5326,7209,2967.94,4241.06,0,0,2536,2254,184,40,58,571,345,581,115,:,:,:,:,:,9850217,0,10840,60.3,1577.2,9054848
47,2014,Netherlands,:,:,:,110121,5164,4311,853,3032,2307,725,90,0,:,:,:,:,:,:,:,:,:,:,:,:,:,:,16829289,0.3,39030,114,2678,60963003
48,2014,Austria,232616,222381,10234,129507,9752,8048,1704,5531,3874,1714,0,237,2130,1289,666,94,81,464,225,889,441,253,:,:,588,272,8507786,1.5,35830,109.3,1719,26378676
49,2014,Poland,251887,250460,1426,:,37455,25020,12435,19240,11830,7410,0,80,7406,5532,1472,267,135,2220,154,1923,1318,458,180,278,2290.228,1708.53,38017856,0.1,10620,58.1,1556,25714422
50,2014,Portugal,128295,128139,156,60053,3244.1,2328.4,915.6,2546,1630.3,915.7,0,0,998,890,108,:,:,82,56,88,201,:,:,:,:,101.06,10444092,-0.2,16240,86.3,3065,32560621
51,2014,Romania,64751,64525,225,10338,20241,8533,11708,10777,4029,6748,0,0,4053,3424,346,283,:,1104,281,675,65,293,:,:,:,:,19947311,1.4,7160,55,683,10907487
52,2014,Slovenia,14435,14054,381,31848,2178,1289,889,1209,500,709,0,0,355,241,109,0,5,74,70,78,39,22,5,17,372,270,2061085,0.4,17410,86.1,607.03,1307128
53,2014,Slovakia,49098,45706,3392,35676,:,:,:,3627,1586,2041,0,0,872,533,236,79,24,494,171,479,65,61.4,61.4,:,284,276,5415949,-0.1,13670,70.5,419.7,1671290
54,2014,Finland,68262,67744,518,115886,8485,4954,3531,5944,3256,2688,0,906,1181,498,546,95,42,216,16,155,178,77,40,37,605,411,5451270,1.2,34220,126.5,881,17171931
55,2014,Sweden,207280,195022,12258,38004,15370,12139,3231,10881,8232,2649,0,1668,2806,893,1768,127,18,207,81,441,1687,184,29,156,2163.653,1187.229,9644864,0.2,40820,129.6,2088,32766043
56,2014,Norway,70341,69867,473,191844,4152,2716,1436,3906,2470,1436,0,64,:,:,:,:,:,:,:,:,:,:,:,:,1484.008,1085.895,5109056,1.9,67830,152.5,392,37603195
57,2014,Switzerland,458715,445086,13629,507660,,,,5187,5178,8.9,0,91,:,:,:,:,:,:,:,:,:,:,:,:,:,:,8139631,0,59300,152.5,1429,46127426
58,2014,United Kingdom,1679746,1659637,20109,1806,31809,13252,18558,16202,5381,10821,109,0,:,:,:,:,:,:,:,:,:,:,:,:,8750.558,7279.313,64351203,1.5,31290,128.1,3759.62,220022122
59,2014,North Macedonia,803,791,12,1498,923,327,596,699,234,465,0,0,67,33,20,13,1,27,12,16,8,3.8,2.7,1.1,:,:,2065769,0,4030,48.3,259,:
60,2014,Türkiye,23003,22848,156,21489,12053,3748,8305,10087,3330,6757,1213,:,1125,644,209,209,63,540,80,80,129,165.864,49.962,115.902,1553.759,1380.698,76667864,8.9,10050,60.9,2278,:
61,2015,Belgium,:,:,:,:,6284,:,:,3607,3088.389,518.611,211,0,:,:,:,:,:,:,:,:,:,:,:,:,:,:,11237274,0.6,34090,111.2,1763,30958841
62,2015,Bulgaria,22518,22284,234,:,6474,:,:,4019,2859,1161,0,0,:,:,:,:,:,:,:,:,:,:,:,:,259.74,:,7029690,-1.1,5850,49.7,734,7610949
63,2015,Czechia,176146,171976,4170,125736,15570,6939,8631,9566,3237,6329,0,0,4265,3058,1043,117,47,1110,749,777,294,283,131,146,1826.387,1165.145,10538275,0.3,16440,66.8,776,12672004
64,2015,Denmark,212253,199212,13041,65325,:,:,:,2552,621,1931,0,0,2755,113,2642,0,0,89,1093,36,1549,148,136,12,780.565,574.497,5659715,0.2,45500,142.8,1237,30095505
65,2015,Germany,2684908,2670893,14015,799000,69886.127,41927.436,27958.691,38630.502,20459,18171.502,880,1511,:,:,:,:,:,1013,:,2019,:,:,:,:,:,5315,81197537,0.7,34810,107,12993,193936430
66,2015,Estonia,6659,6604,55,5214,2144,132,2012,1164,132,1032,0,0,280,77,71,126,6,287,52,0,19,25.25,14.84,10.41,:,:,1314870,0.1,13410,77.5,147,2160978
67,2015,Ireland,39660,39347,313,17811,:,:,:,1839,53,1786,0,0,426,:,:,:,:,:,:,:,:,40.7,:,:,:,:,4677627,0,50270,128.3,916,29545020
68,2015,Greece,16040,16008,32,9999,2764,881,1883,2240,494,1746,0,0,707,503,132,46,26,96,112,30,20,36.5,23,:,:,:,10858018,-1.1,16780,88.2,:,42096402
69,2015,Spain,561973,560934,1039,183579,21122,15434,5687,15384,9717,5667,1908,1011,:,:,:,:,:,:,:,:,:,:,:,:,:,:,46425722,-0.6,23340,94.8,15336,174652503
70,2015,France,1204201,1163681,40520,:,51074.944,:,:,29041,15989,13052,2043,8937,23958,16909,7030,:,:,3026,1220,1675,5810,:,:,:,:,:,66458153,0.1,31780,112,11598.82,140867569
71,2015,Croatia,21649,21331,318,14883,3968,1654,2314,2604,970,1634,0,0,545,356,145,32,12,156,106,107,39,36,19,17,160.894,60.155,4180915,-0.3,10850,67.8,1310,6571698
72,2015,Italy,829494,826020,3474,323422,24286,19427,4859,16724,11941,4783,733,123,:,:,:,:,:,1042,:,2061,:,:,:,:,4467,2350,60295497,0.1,25960,106.4,6943,127665221
73,2015,Latvia,17065,16885,179,6070.5,2217,502,1715,1860,251,1609,0,0,:,136,104,:,:,255,25,0,79,:,:,22.12,326.55,209.45,1986096,0.2,10630,73.1,0,5145856
74,2015,Lithuania,3790,3430,360,5458,2335.5,242.3,2093.2,1877.2,122,1755.2,0,0,217,27,121,63,6,229,34,0,14,14.3,3.8,10.5,341,180,2926644,-0.7,11710,64.1,309,4227389
75,2015,Luxembourg,22496,16133,6363,:,626,590,36,275,262,13,0,0,226,174,52,:,:,35,0,39,52,26.042,:,:,,,562958,0.1,82820,125.5,161,2651751
76,2015,Hungary,:,:,:,141159,9358,4099,5259,7197,2963,4234,0,0,2619,2245,281,42,51,556,363,586,152,:,:,:,:,:,9815858,0.1,11280,61.4,1621.4,10228352
77,2015,Netherlands,:,:,:,111518,5157,4300,857,3031,2302,729,90,0,:,:,:,:,:,:,:,:,:,:,:,:,:,:,16900726,0.2,39680,114.1,2730,64570938
78,2015,Austria,240588,230921,9667,138942,9646,8066,1580,5522,3905,1617,0,237,2048,1215,658,94,81,432,211,868,447,228,:,:,:,:,8584926,0.8,35930,109.3,1719,26754007
79,2015,Poland,264322,263178,1144,30626,37572,24908,12664,19231,11865,7366,0,80,7409,5520,1493,248,148,2217,163,1816,1330,475,170,305,2406.252,1772.185,38005614,-0.7,11090,57.6,1559,28907439
80,2015,Portugal,130421,130195,226,61249,3244.1,2337.2,906.9,2546,1639.1,906.9,0,0,995,887,108,:,:,52,51,59,201,:,:,:,:,49.73,10395121,0.5,16560,86.5,3065,36005814
81,2015,Romania,61218,61001,217,11182,20155,8525,11630,10770,4030,6740,0,0,3928,3358,300,270,:,1122,266,673,34,270,:,:,321.996,:,19870647,-0.4,7420,55.1,747,12580711
82,2015,Slovenia,14135,13792,343,34151,2178,1289,889,1209,500,709,0,0,349,236,108,0,5,74,70,78,38,22,5,16,486.15,376.38,2062874,-0.8,17820,86,610.373,1436003
83,2015,Slovakia,60292,56991,3301,35888,:,:,:,3626,1587,2039,0,0,883,529,251,79,24,468,182,484,69,61.8,61.8,:,306,296,5421349,-0.3,14360,70.7,463.1,1943656
84,2015,Finland,75952,75524,428,117422,8483,4988,3495,5923,3262,2661,0,906,1101,449,546,80,26,213,16,156,178,73,36,37,505,299,5471753,-0.2,34270,125.8,881,17479246
85,2015,Sweden,214434,201745,12689,40745,15424,12144,3280,10908,8235,2673,0,1692,2858,912,1800,127,19,187,81,435,1719,186,29,157,2298.391,1387.823,9747355,0.7,42170,127.8,2119,34011263
86,2015,Norway,73836,73339,497,194129,4152,2716,1436,3896,2460,1436,0,64,:,:,:,:,:,:,:,:,:,:,:,:,1563.869,1099.044,5165802,2,68390,152.1,392,37503052
87,2015,Switzerland,475183,464575,10608,531010,,,,5205,5196,9,0,91,6743,:,:,:,:,:,869,:,2369,:,:,:,:,:,8237666,-0.8,59540,170,1440,48026375
88,2015,United Kingdom,1741562,1721715,19847,1675,31883,13281,18602,16241,5440,10801,109,0,:,:,:,:,:,:,:,:,:,:,:,:,12969.801,8665.822,64853393,0,31780,142.6,3768.43,232270437
89,2015,North Macedonia,1022,1013,9,1470,923,327,596,699,234,465,0,0,67,33,20,13,1,27,12,16,8,3.8,2.7,1.1,:,:,2069172,0.1,4190,48.1,259,1452373
90,2015,Türkiye,23278,23145,132,22501,12099,3854,8245,10131,3423,6708,1184,:,1124,641,211,209,63,547,80,106,131,168,50,118,1253.677,1079.822,77695904,7.7,10520,61.4,2282,:
91,2016,Belgium,:,:,:,:,6284,:,:,3602,3086.121,515.879,211,0,:,:,:,:,:,:,:,:,:,:,:,:,:,:,11311117,1.8,34320,113.3,1763,30115832
92,2016,Bulgaria,21425,20911,515,:,6475,:,:,4029,2869,1161,0,0,:,:,:,:,:,:,:,:,:,:,:,:,120.82,:,6938759,-1.3,6110,49.7,734,9324217
93,2016,Czechia,178766,173701,5066,128866,15539,6939,8600,9564,3236,6328,0,0,4059,2832,1076,104,47,1156,759,814,317,266,130,130,1258.404,681.501,10553843,0.6,16860,68.3,1222.661,13672362
94,2016,Denmark,211399,198682,12717,65181,:,:,:,2539,621,1918,0,0,2420,113,2307,0,0,90,1035,36,1272,126,114,12,541.691,356.068,5707251,0,46520,146.1,1255,32763142
95,2016,Germany,2813782,2799851,13931,811100,69901.647,42113.513,27788.134,38696.542,20584.588,18111.954,994,1511,:,:,:,:,:,:,:,:,:,:,:,:,:,5040,82175684,0.4,35320,107.1,12996,200687293
96,2016,Estonia,6926,6823,103,5392,2141,132,2009,1161,132,1029,0,0,280,77,71,126,6,287,52,0,19,25.25,14.84,10.41,:,:,1315944,0.8,13800,78.8,145,2214989
97,2016,Ireland,42820,42478,342,17275,:,:,:,1839,53,1786,0,0,426,:,:,:,:,:,:,:,:,40.7,:,:,:,:,4726286,-0.2,50280,129.3,916,32595709
98,2016,Greece,15582,15561,21,9240,2764,933,1831,2240,520,1720,0,0,707,503,132,46,26,96,112,30,20,36.5,23,:,:,:,10783748,0,16840,87.7,:,45543371
99,2016,Spain,569822,568756,1065,181080,22080,16223,5857,16167,10383,5825,2503,626,4493,772,3605,93,23,163,164,224,1164,254,17,237,64,47,46418884,-0.3,24000,95.3,15444,193872037
100,2016,France,1234996,1196923,38073,383600,50291.348,:,:,28597,16099,12498,2166,8829,24285,17009,7257,:,:,3041,1215,1667,6042,:,:,:,:,:,66638391,0.3,31930,112.4,11612.453,145280602
101,2016,Croatia,20709,20412,298,15300,3950,1639,2311,2604,970,1634,0,0,543,349,150,32,12,161,107,123,43,36,19,17,131.947,44.336,4131115,-0.6,11320,68.5,1310,7475463
102,2016,Italy,852220,849248,2972,330690,24435,19593,4842,16788,12023,4765,733,176,:,:,:,:,:,978,:,2097,:,:,:,:,4340,3137,60163712,-0.1,26330,104.3,6943,134477781
103,2016,Latvia,17228,17071,157,6002.9,2217,502,1715,1859.6,250.9,1608.7,0,0,:,135,104,:,:,259,25,0,79,:,:,21.47,131.77,23.8,1968957,0.1,11000,74.4,0,5384160
104,2016,Lithuania,3916,3580,336,6042,2335.7,242.3,2093.4,1911.3,122,1789.3,0,0,230,21,143,60,6,230,41,0,15,15.9,3.3,12.6,237,70,2895573,0.7,12160,65.1,314,4787561
105,2016,Luxembourg,22459,16081,6378,:,626,590,36,275,262,13,0,0,226,174,52,:,:,34,0,39,52,26.042,:,:,,,576249,0,84750,127.9,161,2984242
106,2016,Hungary,:,:,:,143806,11424,5421,6003,7811,3018,4793,0,0,2267,1946,240,40,41,573,335,584,163,:,:,:,:,:,9779652,0.4,11600,62.4,1628,11660366
107,2016,Netherlands,:,:,:,112153,5231,4319,912,3058,2314,744,90,0,:,:,:,:,:,:,:,:,:,:,:,:,:,:,16979120,0.1,40430,115.8,2756,70317995
108,2016,Austria,253196,243898,9298,154887,9688,8087,1601,5491,3926,1566,0,254,2138,1198,701,149,90,413,212,844,489,268,:,:,:,:,8700471,1,36230,110.4,1719,27181511
109,2016,Poland,275445,274302,1143,30912.14,37386,24930,12456,19132,11874,7258,0,80,6972,5270,1380,236,86,2190,157,1814,1223,450,159,291,1559.177,933.031,37967209,-0.2,11440,55.9,1637,32266861
110,2016,Portugal,133472,133238,234,63688,3244.1,2337.2,906.9,2546,1639.1,906.9,0,0,984,876,108,:,:,52,51,59,198,:,:,:,:,52.74,10368554,0.6,16930,87.3,3065,40930044
111,2016,Romania,58859,58656,203,11830,20157,8525,11632,10774,4030,6744,0,0,3894,3324,300,270,:,1052,266,673,34,264,:,255,262.137,:,19760585,-1.1,7680,53.8,747,15153719
112,2016,Slovenia,13650,13231,419,33519,2178,1289,889,1209,500,709,0,0,347,234,108,0,5,74,70,78,38,22,5,16,174.28,84.44,2064188,-0.2,18350,86.9,610.373,1404152
113,2016,Slovakia,69150,65807,3343,33527,:,:,:,3626,1587,2039,0,0,887,548,237,78,24,455,176,485,61,64.6,64.6,:,141,132,5426252,-0.5,14620,77.9,463.2,2158261
114,2016,Finland,82114,81662,452,121971,6701,4041,2660,5926,3270,2656,0,1059,1203,449,638,90,26,216,16,155,178,79,37,42,496,280,5487308,0.4,35060,126.1,890,18099954
115,2016,Sweden,220945,208944,12001,40772,15459,12089,3370,10882,8184,2698,0,1692,2964,892,1917,127,28,194,78,427,1839,193,31,162,2131.293,1177.328,9851017,1.1,42660,130.7,2118,35952558
116,2016,Norway,74293,73756,537,199284,4164,2728,1436,3895,2459,1436,0,64,:,:,:,:,:,:,:,:,:,:,:,:,1729.598,1151.271,5213985,3.9,68580,152.6,392,37727546
117,2016,Switzerland,497735,487551,10183,:,,,,5249,5240,9,0,158,:,:,:,:,:,:,:,:,:,:,:,:,:,:,8327126,-0.5,60130,168.2,1447,50505492
118,2016,United Kingdom,1772563,1753135,19428,1507,31910,13264,18646,16253,5483,10770,109,0,:,:,:,:,:,:,:,:,:,:,:,:,11465.808,7565.773,65379044,0.7,32060,127.7,3764.33,248868873
119,2016,North Macedonia,663,660,3,1512,907,327,580,683,234,449,0,0,67,33,20,13,1,26,12,16,8,3.8,2.7,1.1,:,:,2071278,0.2,4330,47.9,259,1649374
120,2016,Türkiye,20960,20790,170,21677,12099,4350,7749,10131,3856,6275,1184,0,1089,602,217,207,63,543,80,125,137,170,49,121,1889.75,1718.063,78741053,7.7,10730,61.7,2542,:
121,2017,Belgium,:,:,:,:,6266,:,:,3605,3092.019,512.981,211,0,:,:,:,:,:,:,:,:,:,:,:,:,:,:,11351727,2.2,34700,114.3,1763,33260493
122,2017,Bulgaria,21195,20411,784,:,6475,:,:,4030,2870,1161,0,0,:,:,:,:,:,:,:,:,:,:,:,:,16.464,:,6849518,1.2,6360,51.2,734,11092651
123,2017,Czechia,182724,176932,5791,132872,15519,6955,8564,9567,3237,6331,0,0,4070,2864,1068,98,40,1132,762,844,306,270,130,134,1113.462,565.639,10578820,2.4,17720,70.5,1240,16245554
124,2017,Denmark,206566,193928,12638,63138,:,:,:,2481,626,1855,0,0,2252,113,2139,0,0,90,871,35,1268,118,106,12,566.236,361.762,5748769,1.1,47640,143.1,1308,33261214
125,2017,Germany,2831443,2815592,15851,809000,70401.059,42348.641,28052.418,38802.643,20629,18173.643,1104,1511,:,:,:,:,:,:,:,:,:,:,:,:,:,5515,82521653,1.7,36150,106.5,13009,212389343
126,2017,Estonia,7433,7326,107,5475,2141,132,2012,1161,132,1029,0,0,274,76,68,124,6,281,49,0,19,25.03,15.03,10,:,:,1315635,3.7,14580,80.9,154,2635145
127,2017,Ireland,45505,45130,375,17475,:,:,:,1839,53,1786,0,0,426,:,:,:,:,:,:,:,:,40.7,:,:,:,:,4799157,0.3,54540,131.5,916,34271771
128,2017,Greece,15359,15337,22,9547,2764,957,1807,2240,532,1708,0,0,707,503,132,46,26,96,112,30,20,36.5,23,:,:,:,10768193,1.1,17120,86.9,:,50170728
129,2017,Spain,593354,592284,1070,187570,21853,15993,5860,15949,10122,5827,2483,650,4321,3563,639,92,27,207,174,226,1158,254,17,237,330,5,46497393,2,24650,94.7,15523,209824089
130,2017,France,1277193,1238071,39123,392352,50108.371,35026.728,15081.643,28360.367,16292.216,12068.151,2339,12600,24173,16686,7446,:,:,2998,1214,1621,6232,:,:,:,:,:,66809816,1.2,32470,113,11618.101,154096485
131,2017,Croatia,19803,19513,290,15195,3942,1639,2303,2604,970,1634,0,0,513,325,148,32,8,161,105,124,43,36,19,17,153.543,62.57,4078769,1.3,11810,69.2,1310,8843053
132,2017,Italy,848757,846081,2676,332642,24483,19641,4842,16787,12022,4765,733,176,:,:,:,:,:,723,:,1850,:,:,:,:,4550,3591,60066734,1.3,26800,103.7,6943,144306325
133,2017,Latvia,17494,17327,167,6027.5,2217,502,1715,1859.6,250.9,1608.7,0,0,:,133,104,:,:,247,25,0,79,:,:,21.58,129.34,23.89,1950116,2.9,11480,74.9,0,6077854
134,2017,Lithuania,4176,3855,322,6254,2335.7,302.9,2032.8,1911.3,152.4,1758.9,0,0,214,21,149,38,6,216,41,0,17,15.6,2.4,13.2,210,49,2859077,3.7,12880,66.1,324,5246101
135,2017,Luxembourg,22930,16523,6407,:,622,590,32,271,262,9,0,0,259,197,62,:,:,35,0,39,62,27.19,:,:,,,590667,2.1,84020,128.8,165,3554730
136,2017,Hungary,:,:,:,146503,11524,5506,6018,7955,3103,4852,0,0,2238,1918,241,41,38,564,334,590,162,:,:,:,:,:,9739857,2.4,12110,65.9,1636.2,13350029
137,2017,Netherlands,:,:,:,114784,5230,4318,912,3055,2310,745,90,0,:,:,:,:,:,:,:,:,:,:,:,:,:,:,17081507,1.3,41310,114.8,2758,76240304
138,2017,Austria,254493,245224,9269,212357,9782,8107,1675,5527,3946,1581,0,254,1916,968,736,126,86,390,205,851,531,239,:,:,:,:,8772865,2.2,36820,111.6,1719,28327279
139,2017,Poland,293048,291500,1548,30908.71,37195,24899,12296,19209,11854,7355,0,136,7263,5435,1445,230,153,2091,173,1734,1272,463,159,304,1965.938,1287.996,37972964,1.6,12020,58.8,1637,37684668
140,2017,Portugal,142127,141876,251,65134,3244.1,2337.2,906.9,2545.96,1639.07,906.89,0,0,999,876,123,:,:,60,51,59,198,162.613,154.022,8.591,:,86.23,10344478,1.6,17520,88.9,3065,47673057
141,2017,Romania,67330,67142,188,11688,20144,8523,11621,10774,4030,6744,0,0,3894,3324,300,270,:,1052,266,673,34,264,:,255,214.476,:,19643949,1.1,8360,54.7,763,17934774
142,2017,Slovenia,13002,12592,410,33060,2178,1465,713,1209,610,599,0,0,347,234,108,0,5,73,70,78,38,22,5,16,213.65,132.5,2065895,1.6,19280,86.5,617.62,1682133
143,2017,Slovakia,74916,71474,3442,33882,:,:,:,3626,1588,2038,0,0,865,536,241,67,21,418,180,463,61,64,64,:,244,231,5435343,1.4,15020,82.4,482.3,2402651
144,2017,Finland,85703,85155,548,123914,6708,4063,2645,5926,3331,2595,0,1059,1227,393,706,80,48,218,16,165,218,80,35,45,504,271,5503297,0.8,36130,125.1,893,20054947
145,2017,Sweden,229817,217668,12149,41106,15568,12121,3447,10874,8189,2685,0,1692,3048,834,2058,125,31,191,78,430,1980,195,28,167,2198.213,1196.355,9995153,1.9,42820,131.2,2132,38456213
146,2017,Norway,73561,72968,593,197567,4208,2728,1480,3895,2459,1480,0,64,:,:,:,:,:,:,:,:,:,:,:,:,1611.558,1200.172,5258317,1.9,69720,148.4,523,38739778
147,2017,Switzerland,500595,490259,10336,529412.326,,,,5251,5242,9,0,158,:,:,:,:,:,:,:,:,:,:,:,:,:,:,8419550,0.6,60380,164.7,1458,53564943
148,2017,United Kingdom,1757359,1737710,19649,1528,31727,14347,17380,16320,5875,10445,109,0,:,:,:,:,:,:,:,:,:,:,:,:,10468.021,6520.127,65844142,2.7,32430,119.6,3803.1,264629454
149,2017,North Macedonia,500,495,5,798,907,327,580,683,234,449,0,0,67,33,20,13,1,26,12,16,8,3.8,2.7,1.1,:,:,2073702,2.1,4390,48.8,259,1861282
150,2017,Türkiye,22563,22430,132,20819,12175,4660,7515,10207,4165,6042,1184,0,1062,203,598,198,63,543,71,125,132,168,49,119,1931.515,1733,79814871,11.1,11380,55.2,2657,:
151,2018,Belgium,:,:,:,:,6301,:,:,3607,3095.366,511.634,211,0,:,:,:,:,:,:,:,:,:,:,:,:,:,:,11398589,2.3,35190,114.7,1763,34506309
152,2018,Bulgaria,21329,20534,795,:,6460,:,:,4030,2870,1161,0,0,:,:,:,:,:,:,:,:,:,:,:,:,64.526,:,6757418,2.6,6610,51.9,757,12137714
153,2018,Czechia,189288,182513,6775,136122,15488,6908,8580,9572,3235,6337,0,0,4032,2798,1089,98,47,1120,772,843,317,270,125,136,1412.095,740.944,10610055,2,18200,74,1252,17838221
154,2018,Denmark,205307,192211,13096,62068,:,:,:,2481,730,1751,0,0,2252,113,2139,0,0,90,871,32,1268,120,108,12,842.457,392.851,5781190,0.7,48290,141.4,1329,34701139
155,2018,Germany,2880558,2865171,15387,808000,70532.964,42527.45,28005.513,38994.798,20624,18370.798,1104,1559,:,:,:,:,:,:,:,:,:,:,:,:,:,5792,82792351,1.9,36440,105.8,13141,222422361
156,2018,Estonia,7759,7652,107,5512,2140,132,2008,1161,132,1029,0,0,273,76,67,124,6,276,49,0,18,25,16.3,8.7,:,:,1319133,3.4,15070,83,154,2995528
157,2018,Ireland,47960,47546,414,16320,2426,107.5,2318.5,2045,53,1992,0,0,426,:,:,:,:,:,:,:,:,40.7,:,:,:,:,4855733,0.7,57820,134.1,916,36345005
158,2018,Greece,16795,16778,17,9599,2870,1251,1619,2293,679,1614,0,0,312,144,145,7,16,54,85,16,60,20.06,9.18,9.94,:,:,10741165,0.8,17510,86.8,:,54258826
159,2018,Spain,596143,595114,1029,189155,21882,16050,5831,15449,9840,5747,2483,764,4267,3585,586,79,17,228,166,227,1127,192,27,165,888,462,46645070,1.7,25130,96.4,15583,220611429
160,2018,France,1246580,1207232,39348,364791,49179.41,34380.07,14799.34,27834,16293.309,11540.691,2339,12600,25443,17587,7737,:,:,3088,1218,1577,6519,:,:,:,:,:,67026224,2.1,32850,113.9,11670.526,161991179
161,2018,Croatia,20244,19942,301,15109,3940,1640,2300,2604,970,1634,0,0,497,316,146,29,6,165,103,135,43,33,15,17,196.274,99.62,4014341,1.6,12270,70.6,1310,9731294
162,2018,Italy,866588,863992,2596,342560,24502,19663,4840,16781,12018,4763,733,176,:,:,:,:,:,548,:,1942,:,:,:,:,4855,3966,59937769,1.2,27080,103.3,6966,153352444
163,2018,Latvia,18242,18075,166,6058.8,2217,502,1715,1859.6,250.9,1608.7,0,0,:,133,104,:,:,221,25,0,79,:,:,21.58,133.12,21.16,1934379,2.6,12070,76.7,0,7037070
164,2018,Lithuania,4665,4300,366,6317,2335.1,302.9,2032.2,1910.7,152.4,1758.3,0,0,192,17,148,22,5,216,41,0,17,14.7,1.6,13.1,196,65,2826200,2.5,13630,67.5,324,6254178
165,2018,Luxembourg,23331,17155,6176,:,622,590,32,271,262.32,8.68,0,0,251,189,62,:,:,33,0,39,62,26.211,:,:,,,602005,2,83390,126.9,165,3988804
166,2018,Hungary,:,:,:,149250,11336,5509,5827,7732,3069,4663,0,0,2112,1817,230,42,23,538,326,595,167,:,:,:,:,:,9713655,2.9,12820,66,1669.4,15176493
167,2018,Netherlands,:,:,:,113202,5180,4181,999,3040,2224,815,90,0,:,:,:,:,:,:,:,:,:,:,:,:,:,:,17181084,1.6,42000,114.4,2756,79644163
168,2018,Austria,272637,262719,9918,159581,9785,7756,2029,5526,3951,1575,0,254,1806,893,709,121,83,362,193,824,516,236,:,:,:,:,8822267,2.1,37550,112.2,1743,31138417
169,2018,Poland,299053,297230,1823,30311,37020,24906,12114,19196,11858,7338,0,136,6720,1915,4472,196,137,2149,:,1738,:,406,146,260,2802.534,2133.99,37976687,1.2,12780,59.6,1637,43767548
170,2018,Portugal,147581,147408,173,62903,3244.1,2337.2,906.9,2545.96,1639.07,906.89,0,0,999,876,123,:,:,62,51,59,198,162.77,154.18,8.6,:,108,10335770,1.2,18040,88.2,3065,51018598
171,2018,Romania,64715,64539,176,11336,20104,8522,11582,10765,4029,6736,0,0,3980,3401,311,268,22,1048,277,673,34,293,7,277,180.082,:,19533481,4.1,8920,55.7,823,19809642
172,2018,Slovenia,13105,12677,428,35057,2178,1465,713,1209,610,599,0,0,347,234,108,0,5,73,70,78,38,22,5,16,241.8,153.58,2066880,1.9,20070,87.1,623.31,1810567
173,2018,Slovakia,77265,73380,3885,35003,:,:,:,3627,1587,2040,0,0,798,483,242,53,20,408,169,442,73,61,61,:,294.5,279.4,5443120,2.5,15610,84.5,482.3,2794094
174,2018,Finland,87502,86951,552,128894,6712,4114,2598,5926,3330,2595,0,1120,1226,392,706,80,48,217,16,173,218,80,35,45,532,311,5513130,1.2,36510,125.7,926,22173530
175,2018,Sweden,246490,235330,11160,41090,15571,12146,3425,10906,8217,2689,0,1692,3084,793,2144,119,28,211,73,440,2071,196,27,169,2065.644,1098.33,10120242,2,43130,125.1,2132,38945096
176,2018,Norway,77740,77298,442,197786,4177,2770,1407,3887,2480,1407,0,64,:,:,:,:,:,:,:,:,:,:,:,:,1400.677,1104.246,5295619,3,69840,145.6,599,40030105
177,2018,Switzerland,493053,482376,10677,530570.453,,,,5248,5239,9,0,158,:,:,:,:,:,:,:,:,:,:,:,:,:,:,8484130,0.9,61660,158.9,1462,56139549
178,2018,United Kingdom,1783232,1762710,20521,2009,31780,14292,17488,16289,6119,10170,109,0,:,:,:,:,:,:,:,:,:,:,:,:,11664.839,7059.941,66273576,2.5,32640,119.6,3837.9,272190155
179,2018,North Macedonia,540,534,6,1288,907,327,580,683,234,449,0,0,67,33,20,13,1,26,12,16,8,3.8,2.7,1.1,:,:,2075301,2.3,4540,49.9,287,2152746
180,2018,Türkiye,24289,24089,200,28274,12307,5467,6942,10315,4784,5531,1184,0,1120,203,659,195,63,539,87,125,189,159,48,111,:,:,80810525,16.3,11570,45.9,2842,:
181,2019,Belgium,:,:,:,:,6307,:,:,3614,3100.035,513.965,211,0,:,:,:,:,:,:,:,:,:,:,:,:,:,:,11455519,1.2,35850,114.9,1763,35385188
182,2019,Bulgaria,21329,20285,1044,:,6456,:,:,4030,2869,1160,0,0,:,:,:,:,:,:,:,:,:,:,:,:,52.562,:,6664177,2.5,6960,53.6,790,11713068
183,2019,Czechia,193569,186150,7419,136682,15418,6932,8486,9562,3231,6330,0,0,3756,2475,1135,90,56,1082,821,886,314,252,109,137,1545.462,762.836,10649800,2.6,18820,75.1,1276,18767088
184,2019,Denmark,206601,193053,13548,63097,:,:,:,2536,730,1806,57,0,2195,113,2082,0,0,86,814,35,1268,117,105,12,441.194,314.354,5806081,0.7,48920,143.4,1346,34780127
185,2019,Germany,2938023,2921000,17023,836000,70741.056,42644.18,28096.877,39068.117,20920,18148.117,1104,1559,:,:,:,:,:,:,:,:,:,:,:,:,:,5948,83019213,1.4,36720,107,13183,226764086
186,2019,Estonia,8373,8261,112,5641,2144,138,2006,1167,138,1029,0,0,267,76,65,121,5,200,47,0,18,25,16.3,8.7,:,:,1324820,2.3,15570,84.9,161,3258003
187,2019,Ireland,50060,49652,408,17439,2426,107.5,2318.5,2045,53,1992,0,0,426,:,:,:,:,:,:,:,:,40.7,:,:,:,:,4940311,0.9,59800,136.3,995,37947510
188,2019,Greece,19599,19590,8,9531,2909,1355,1554,2280,731,1549,0,0,312,144,145,7,16,56,85,16,60,20.06,9.18,9.94,:,:,10724599,0.5,17930,86.9,:,56088527
189,2019,Spain,627644,626584,1060,185698,21988.013,16204.304,5783.709,16006.02,10251.519,5937.501,2624.181,795.601,4420,3570,603,220,27,223,161,236,1127,237.168,58.691,178.473,2519.984,1797.176,46918951,0.8,25420,96,15722,228262372
190,2019,France,1265492,1225497,39995,365949,49821.511,35081.703,14739.808,28142,16725.677,11416.323,2701,12657,25931,17873,7920,:,:,3028,1216,1514,6704,:,:,:,:,:,67290471,1.3,33390,113.4,11676.682,168726788
191,2019,Croatia,19827,19525,302,15225,3945,1638,2307,2617,970,1647,0,0,452,271,148,29,4,162,105,123,43,31,13,17,229.037,128.202,3968676,0.8,12980,71.3,1310,10623239
192,2019,Italy,883300,880437,2863,347364,24500,19660,4840,16779,12016,4763,733,176,:,:,:,:,:,661,:,1900,:,:,:,:,4766,3924,59816673,0.6,27260,101.6,6977,160667939
193,2019,Latvia,18623,18442,180,6067.8,2217,502,1715,1859.6,250.9,1608.7,0,0,:,:,104,:,:,221,25,0,79,:,:,21.58,140.54,27.37,1919968,2.7,12230,77.9,0,7785726
194,2019,Lithuania,4991,4565,427,6973,2345.9,317.5,2028.4,1910.7,152.4,1758.3,0,0,155,13,132,8,2,211,41,0,16,11.7,1.1,10.6,197,69,2812200,2.2,14300,68,403,6504685
195,2019,Luxembourg,25016,17812,7204,:,628,596,32,271,262.32,8.68,0,0,251,189,62,:,:,33,0,39,62,26.211,:,:,,,613894,1.6,84070,132,165,4365569
196,2019,Hungary,:,:,:,152049,11345,5560,5785,7743,3111,4632,0,0,2111,1807,224,42,38,572,345,622,167,:,:,:,:,:,9700272,3.4,13490,67.4,1723.2,16700750
197,2019,Netherlands,:,:,:,120260,5180,4181,999,3040,2224,815,90,0,:,:,:,:,:,:,:,:,:,:,:,:,1330,449,17282163,2.7,42680,117.1,2790,81192507
198,2019,Austria,278066,267274,10792,164057,9788,7773,2015,5615,3976,1639,0,254,2315,1351,723,156,85,368,196,836,527,238,:,:,:,:,8858775,1.5,38040,113.2,1743,35644188
199,2019,Poland,:,322281,:,30873.6,37250,25153,12097,19359,11982,7377,0,136,6764,1951,4546,190,77,2098,:,1762,:,394,136,258,3163.626,2339.678,37972812,2.1,13370,59.9,1676,46942771
200,2019,Portugal,175511,175333,178,63310,3224.19,2393.69,830.5,2526.15,1695.65,830.5,0,0,1008,885,123,:,:,66,54,59,198,163.63,155,8.59,:,216.152,10333496,0.3,18500,87.9,3065,55007894
201,2019,Romania,67911,67707,204,10986,20079,8519,11560,10759,4029,6730,0,0,2005,1217,626,154,8,1363,543,1005,83,135,104,31,185.784,:,19414458,3.9,9310,55.5,866,21565865
202,2019,Slovenia,13259,12837,423,36929,2178,1465,713,1209,610,599,0,0,348,235,108,0,5,62,70,78,38,22,5,16,312.42,220.5,2080908,1.7,20600,86.9,623.31,1719039
203,2019,Slovakia,80671,76488,4184,36759,:,:,:,3629,1587,2042,0,0,809,346,397,48,18,431,244,445,153,60,60,:,234.1,222.6,5450421,2.8,15940,86,495.3,2839787
204,2019,Finland,92801,92162,639,132454,6712,4117,2595,5923,3331,2592,0,1120,:,:,:,:,:,:,:,:,:,:,:,:,478,247,5517919,1.1,36970,126.3,926,23287929
205,2019,Sweden,264603,252131,12472,41343,15542,12143,3399,10899,8185,2714,0,1692,3096,794,2154,124,24,185,69,432,2085,197,25,172,2355.819,1382.459,10230185,1.7,43760,123.2,2133,37614763
206,2019,Norway,80402,79905,497,200905,4180,2773,1407,3890,2483,1407,0,64,:,:,:,:,:,:,:,:,:,:,:,:,1664.484,1366.649,5328212,2.3,70150,144.7,580,40348437
207,2019,Switzerland,519337,507666,11670,567420.705,,,,5288,5279,9,0,158,:,:,:,:,:,:,:,:,:,:,:,:,:,:,8544527,0.4,61920,165,:,57194328
208,2019,United Kingdom,1836886,1816345,20541,1681,31907,14474,17433,16480,6158,10322,109,0,:,:,:,:,:,:,:,:,:,:,:,:,10191.736,5390.934,66647112,1.8,32910,120.9,:,277432380
209,2019,North Macedonia,549,546,3,1136,907,327,580,683,234,449,0,0,67,33,20,13,1,26,12,17,8,3.8,2.7,1.1,:,:,2077132,0.7,4750,49.8,335,2353327
210,2019,Türkiye,26204,26014,190,39695,12370,5753,6719,10378,5070,5308,1184,0,1048,568,226,191,63,549,37,140,73,220,45,175,:,:,82003882,15.2,11500,47.3,3060,:
211,2020,Belgium,:,:,:,:,6298,:,:,3615,3099.332,515.668,211,0,:,:,:,:,:,:,:,:,:,:,:,:,:,:,11522440,0.4,33990,113.6,1763,9465828
212,2020,Bulgaria,16808,16510,299,:,6454,:,:,4029,2871,1158,0,0,:,:,:,:,:,:,:,:,:,:,:,:,108.14,:,6569275,1.2,6810,55.2,806,3729017
213,2020,Czechia,129308,126678,2630,137515,15360,6917,8443,9542,3236,6306,0,0,2918,1582,1187,94,55,1088,873,878,314,275,131,138,1960.764,1123.342,10693939,3.3,17900,76.3,1298,3821372
214,2020,Denmark,133900,128514,5386,61882,:,:,:,2485,776,1709,57,0,2171,113,2058,0,0,76,790,33,1268,113,101,12,514.341,378.847,5822763,0.3,47940,142.6,1354,8658654
215,2020,Germany,1752198,1737771,14427,819000,70182.411,42819.751,27362.66,38799.773,20959,17840.773,1104,1566,:,:,:,:,:,2258,:,2313,:,:,:,:,:,6931,83166711,0.4,35180,106.9,13192,57795978
216,2020,Estonia,5984,5976,8,5329,2143,138,2005,1167,138,1029,0,0,199,42,50,104,3,187,32,:,18,14.64,6.56,8.08,:,:,1328976,-0.6,15070,86,199,857837
217,2020,Ireland,17930,17792,139,14738,2426,107.5,2318.5,2045,53,1992,0,0,426,:,:,:,:,:,:,:,:,40.7,:,:,:,:,5012600,-0.5,63220,141.7,995,8268297
218,2020,Greece,10220,10220,0,7403,3039,1355,1684,2345,731,1614,0,0,312,144,145,7,16,56,85,16,60,20.06,9.18,9.94,:,:,10718565,-1.3,16320,88.4,:,17341192
219,2020,Spain,329721,329443,278,137197,22273.796,16527.748,5746.048,16135.36,10418.519,5899.84,2890.1,711.226,4323,3461,613,220,29,220,141,244,1117,237.166,58.766,178.4,2357.477,1929.924,47318050,-0.3,22510,97.8,15752,57797305
220,2020,France,723809,707374,16435,284730,49345,34750,14595,27872,16672,11200,2681,12657,26506,18247,8120,:,:,2706,1212,1457,6908,:,:,:,:,:,67473651,0.5,30800,113,11660.228,50724011
221,2020,Croatia,13100,12963,137,12781,3950,1635,2315,2617,970,1647,0,0,527,316,178,29,4,165,113,141,65,31,14,17,219.012,126.287,3933511,0,12010,70.7,1310,1943547
222,2020,Italy,382374,381352,1023,272268,24515,19720,4794,16782,12065,4717,733,176,:,:,:,:,:,654,:,1918,:,:,:,:,4461,3693,59641488,-0.1,24960,101.7,6978,40405355
223,2020,Latvia,12862,12835,26,5920.5,2216.1,502.3,1713.8,1859.1,250.9,1608.2,0,0,:,:,104,:,:,201,25,0,79,:,:,21.58,149.48,48.68,1907675,0.1,11890,78.5,0,1995133
224,2020,Lithuania,3238,3171,67,6067,2346,317.5,2028.5,1910.8,152.4,1758.4,0,0,157,13,134,8,2,214,41,0,14,34.6,0.7,33.9,145,17,2809977,1.1,14310,69.9,400,1804500
225,2020,Luxembourg,14527,10558,3968,:,628,596,32,271,262,9,0,0,255,193,62,:,:,36,0,39,62,26.627,:,:,,,626108,0,82030,137.4,165,1426310
226,2020,Hungary,:,:,:,140401,11393,5560,5833,7787,3111,4676,0,0,2056,1758,220,43,35,570,306,584,186,:,:,:,:,:,9689376,3.4,12930,66.3,1774.3,3962687
227,2020,Netherlands,:,:,:,113388,5186,4183,1003,3041,2225,815,90,0,:,:,:,:,:,:,:,:,:,:,:,:,1367,423,17407585,1.1,40800,116.2,2789,23594783
228,2020,Austria,164061,159448,4613,153906,9762,7773,1989,5607,3992,1615,0,254,2322,1396,719,122,85,356,196,907,523,238,:,:,2580,2002,8901064,1.4,35480,111.7,1749,9168431
229,2020,Poland,:,202005,:,27473.989,37269,25145,12124,19383,12113,7270,0,459,6392,1943,4175,190,84,1941,405,1730,3770,386,143,243,3302.723,2437.542,37958138,3.7,13370,59.1,1712,13825460
230,2020,Portugal,102247,102224,24,57377,3224.19,2393.69,830.5,2526.15,1695.65,830.5,0,0,1011,881,130,:,:,70,54,62,197,164.878,156.075,8.803,:,219.706,10375395,-0.1,16940,90.3,3065,16548993
231,2020,Romania,49087,49010,78,8271,20071,8528,11543,10769,4034,6735,0,0,2086,1414,574,88,10,1337,517,867,57,125,96,29,373.623,:,19328838,2.3,9020,55.4,920,6633447
232,2020,Slovenia,7924,7785,139,34099,2178,1579,599,1209,610,599,0,0,356,238,113,0,5,67,75,79,38,22,5,17,301.88,202.44,2095861,-0.3,19630,87.3,616.11,287787
233,2020,Slovakia,49421,47980,1441,33804,:,:,:,3627,1585,2042,0,0,826,331,429,48,18,439,245,462,184,61.5,61.5,:,185.6,176.8,5457873,2,15510,83.2,818.2,500604
234,2020,Finland,59550,59432,118,116302,6707,4135,2573,5918,3349,2569,0,1120,:,:,:,:,:,:,:,:,:,:,:,:,575,316,5525292,0.4,35990,126.4,933,5428622
235,2020,Sweden,169163,164381,4782,37113,15557,12166,3391,10909,8184,2725,0,1692,3284,835,2300,124,25,181,69,439,2231,213,28,185,2744.449,1720.014,10327589,0.7,42600,124.8,2179,9317677
236,2020,Norway,42599,42523,76,194769,4196,:,:,3885,2491,1394,0,64,:,:,:,:,:,:,:,:,:,:,:,:,:,:,5367580,1.2,68850,135.8,580,13216883
237,2020,Switzerland,322673,317888,4785,461990.059,,,,5303,5291.22,11.78,0,176,7497,:,:,:,:,:,957,:,2469,:,:,:,:,:,8606033,-0.8,60140,171.5,1544,16006811
238,2020,United Kingdom,:,:,:,1023,31940,14532,17408,16519,6154,10365,109,0,:,:,:,:,:,:,:,:,:,:,:,:,11102.619,6215.578,67025542,:,:,120.3,:,:
239,2020,North Macedonia,253,253,0,885,907,327,580,683,234,449,0,0,67,33,20,13,1,26,12,17,8,3.8,2.7,1.1,:,:,2076255,1.2,4580,51.2,335,709241
240,2020,Türkiye,6446,6426,20,13326,12803,5828,6975,10378,5145,5233,1184,0,857,412,211,174,60,565,99,125,112,220,34,186,:,:,83154997,12.3,11600,44.9,3523,:
241,2021,Belgium,:,:,:,:,6301,:,:,3612,3126.532,485.468,211,0,:,1551,:,:,:,330,188,269,2249,:,:,:,:,:,11554767,3.2,35950,115.5,1763,13500020
242,2021,Bulgaria,17142,16869,274,:,6455,:,:,4031,3001,1030,0,0,1473,:,:,:,:,117,:,297,:,:,:,:,127.978,:,6532117,2.8,7380,55.5,806,5047877
243,2021,Czechia,135083,132044,3039,135118,15261,6897,8364,9523,3234,6289,0,0,2996,1616,1229,102,49,1145,892,977,337,281,134,139,2243.877,1449.298,10494836,3.3,18620,83.3,1346,4755160
244,2021,Denmark,134076,127630,6446,62407,:,:,:,2485,803,1682,57,0,2173,113,2060,0,0,48,792,62,1268,114,102,12,1132.715,984.537,5840045,1.9,51260,140.8,1355,10817817
245,2021,Germany,1761388,1752072,9316,848000,70108.335,43355.25,26753.085,38783.143,21166.273,17616.87,1103.561,1625,:,:,:,:,:,:,:,:,:,:,:,:,:,7279,83155031,3.2,36460,107.2,13155,73597370
246,2021,Estonia,6077,6077,0,5773,2143,225,1918,1167,225,942,0,0,106,42,49,13,2,172,20,0,18,7.31,6.18,1.13,:,:,1330068,4.5,16140,91.1,199,1292941
247,2021,Ireland,17411,17142,270,15851,2426,107.5,2318.5,2045,53,1992,0,0,426,:,:,:,:,:,:,:,:,40.7,:,:,:,:,5066893,2.4,72670,138.3,995,9097359
248,2021,Greece,10029,10029,0,7054,3039,1355,1684,2339,731,1608,0,0,312,144,145,7,16,56,85,16,60,20.06,9.18,9.94,:,:,10678632,0.6,17820,87.3,:,32245559
249,2021,Spain,418501,418112,389,148643,22526.471,16827.452,5699.019,16280.46,10427.649,5681.811,3035.004,711.226,4239,3474,609,128,28,239,141,244,1125,237.166,58.966,178.2,2295.495,1510.617,47400798,3,24020,94.5,15825,91898241
250,2021,France,894536,879004,15531,347016,49188,34826,14362,27716,16713,11003,2681,12657,25679,17347,8189,:,:,1942,1108,1073,7081,:,:,:,:,:,67728568,2.1,32800,114.3,11664.359,66033809
251,2021,Croatia,13534,13322,212,13604,3944,1649,2295,2617,994,1623,0,0,543,326,184,29,4,127,109,133,75,32,14,18,236.571,140.667,3893026,2.7,13620,69.4,1316,4458400
252,2021,Italy,483101,481270,1831,315800,24564,19816,4748,16832,12160,4672,734,175,:,:,:,:,:,509,:,1999,:,:,:,:,5836,5014,59236213,1.9,27330,101,7556,59709143
253,2021,Latvia,11194,11189,5,5995.4,2213.1,502.3,1710.8,1859.1,250.9,1608.2,0,0,:,:,104,:,:,176,25,0,79,:,:,21.58,174.13,85.36,1893223,3.2,12820,75.2,0,2336134
254,2021,Lithuania,3948,3948,0,5874,2346,317.5,2028.5,1910.8,152.4,1758.4,0,0,157,13,134,8,2,218,41,0,14,34.6,0.7,33.9,233.1,108.6,2810761,4.6,15240,71.6,400,2464603
255,2021,Luxembourg,16595,12417,4179,:,628,596,36,271,262,9,0,0,255,193,62,:,:,33,0,38,63,26.627,:,:,,,634730,3.5,86540,138.7,163,2002903
256,2021,Hungary,:,:,:,142580,11586,5762,5824,7889,3221,4668,0,0,2121,1809,221,54,37,575,317,614,394,:,:,:,:,:,9651461,5.2,13910,68.2,1859.5,4665369
257,2021,Netherlands,:,:,:,123417,5185,4223,962,3041,2264,777,90,0,:,:,:,:,:,:,:,:,:,:,:,:,1379,371,17475415,2.8,43140,115.5,2790,29082583
258,2021,Austria,190278,184720,5557,171034,:,:,:,5603,4003,1600,0,254,2324,:,:,130,85,350,197,876,528,241,:,:,:,:,8932664,2.8,37040,108.5,1749,11105564
259,2021,Poland,:,237776,:,29313.12,37474,25267,12207,19287,12101,7186,0,459,7113,3154,3623,190,146,1739,:,1765,:,418,217,201,3540.48,2611.715,37073357,5.2,14370,60.5,1761,18893812
260,2021,Portugal,120702,120676,26,60525,3225.111,2489.211,735.9,2527.053,1791.174,735.879,0,0,1017,876,141,:,:,75,53,69,197,164.266,154.427,9.839,:,306.582,10394297,0.9,17840,88.4,3065,22347692
261,2021,Romania,52559,52457,102,11271,20065,8530,11535,10764,4035,6729,0,0,2317,1492,715,95,15,1266,659,935,56,159,123,36,310.739,:,19201662,4.1,9590,56,931,10384613
262,2021,Slovenia,11663,11519,144,34645,2178,1579,599,1209,610,599,0,0,442,300,137,0,5,69,75,79,62,28,5,23,308.01,215.58,2108977,2,21230,87.1,616.111,419346
263,2021,Slovakia,45858,43570,2288,32748,:,:,:,3626,1585,2042,0,0,866,301,500,47,18,417,290,457,210,56.7,56.7,:,235.8,219.7,5459781,2.8,16460,82.4,849,642078
264,2021,Finland,55009,55005,4,122865,6707,4145,2562,5918,3359,2559,0,1120,:,:,:,:,:,:,:,:,:,:,:,:,657,387,5533793,2.1,36900,125.8,944,4554497
265,2021,Sweden,164490,158926,5564,37612,15543,12152,3391,10912,8186,2726,0,1692,3390,855,2365,140,30,179,74,453,2291,220,30,190,3032.573,1901.05,10379295,2.7,44860,128.7,2185,10798009
266,2021,Norway,41401,41379,22,205440,4196,:,:,3885,2491,1394,0,64,:,:,:,:,:,:,:,:,:,:,:,:,:,:,5391369,3.9,71160,141.4,580,14136316
267,2021,Switzerland,336767,331217,5550,468193.151,,,,5318,5309,9,0,176,:,:,:,:,:,:,:,:,:,:,:,:,:,:,8670300,0.5,63020,166.2,1544,19109708
268,2021,United Kingdom,:,:,:,1237,31898,14539,17359,16457,6151,10306,109,0,:,:,:,:,:,:,:,:,:,:,:,:,12054.444,6671.708,:,:,:,122.7,3851,:
269,2021,North Macedonia,252,252,0,892,907,327,580,683,234,449,0,0,67,33,20,13,1,27,12,20,8,3.8,2.7,1.1,:,:,2068808,3.4,4830,48.9,335,1266230
270,2021,Türkiye,10020,10020,0,12122,13022,5986,7036,10546,5377,5169,1184,204,:,:,:,:,:,:,:,:,:,:,:,:,:,:,83614362,19.6,12810,42.2,3532,:
271,2022,Belgium,:,:,:,94083,6308,:,:,3619,3185,434,211,0,:,:,:,:,:,:,:,:,:,:,:,:,:,:,11617623,10.3,37170,117.5,:,27873892
272,2022,Bulgaria,23065,21425,1640,:,6446,:,:,4029,3005,1023,0,0,:,:,:,:,:,:,:,:,:,:,:,:,:,:,6482484,13,7730,58,825,8807502
273,2022,Czechia,174327,166755,7572,136467,15272,6922,8351,9521,3234,6288,0,0,2897,1598,1161,89,49,1165,817,980,344,272,130,138,2442.074,1737.442,10516707,14.8,18690,89.7,1363,11532650
274,2022,Denmark,184897,170901,13996,61254,:,:,:,2448,802,1646,57,0,2059,113,1946,0,0,47,784,72,1162,108,95,12,1653.315,1404.377,5873420,8.5,51600,147.4,1355,26649573
275,2022,Germany,2505856,2485824,20032,:,70108.335,43355.651,26752.684,38836.096,21297.119,17538.977,1103.561,1625,:,:,:,:,:,:,:,:,:,:,:,:,:,7455,83237124,8.7,36690,108.4,13172,155302643
276,2022,Estonia,7129,7129,0,5778,2151,233,1918,1175,140,1035,0,0,98,42,38,16,2,173,20,0,18,7.31,6.18,1.13,:,:,1331796,19.4,16130,99.3,225,2731365
277,2022,Ireland,35845,35304,541,17248,2426,107.5,2318.5,2045,53,1992,0,0,:,:,:,:,:,:,:,:,:,:,:,:,:,:,5154277,8.1,77300,138.3,995,32405890
278,2022,Greece,15421,15421,0,9050,2688,1365,1323,1990,738,1252,0,0,319,147,143,7,22,54,75,21,68,21.15,10.14,10.05,:,:,10459782,9.3,18960,87.4,2205,57905970
279,2022,Spain,554154,553352,803,169829.353,22725.796,16840.294,5885.502,16468.426,10669.252,5956.174,3141.777,791.358,4227,3458,668,91,10,235,129,279,1124,250,64,186,1700.874,814.184,47486843,8.3,25270,93.6,15856,200714943
280,2022,France,1141822,1112558,29264,378000,48944,34952,13992,27604,16782,10822,2681,12657,25337,17132,8205,:,:,1797,1092,1020,7113,:,:,:,:,:,67957053,5.9,33540,112.4,11751.272,136560938
281,2022,Croatia,18581,18228,354,13478,3928,1640,2288,2617,995,1622,0,0,491,340,118,29,4,120,109,134,95,28,9,19,241.941,141.077,3862305,10.7,14630,72.6,1341,9415321
282,2022,Italy,681577,677040,4537,341498,24560,19839,4722,16829,12184,4645,734,175,:,:,:,:,:,392,:,2047,:,:,:,:,6284,4658,59030133,8.7,28670,99.8,7558,132425719
283,2022,Latvia,15694,15679,15,6236.7,2213,502.3,1710.7,1864.9,250.9,1614,0,0,:,:,104,:,:,158,25,0,79,:,:,21.58,256.73,170.85,1875757,17.2,13040,80.6,0,5368369
284,2022,Lithuania,4464,4460,4,6152,3462.7,440.7,3022,1919.2,152.4,1766.8,0,0,154,92,54,7,1,206,40,0,14,10.5,0.7,9.8,270.9,153.9,2805998,18.9,15500,78.9,400,5333890
285,2022,Luxembourg,22038,15916,6122,7129,628,596,32,271,262,9,0,0,255,192,63,:,:,29,0,38,63,26.627,:,:,,,645397,8.2,85850,137.1,163,4057247
286,2022,Hungary,:,:,:,139600,11603,5762,5841,7907,3221,4686,0,0,2003,1693,216,60,34,555,321,585,412,:,:,:,:,:,9610403,15.3,14540,67.3,1867.6,12393512
287,2022,Netherlands,:,:,:,127833,5187,4227,960,3041,2265,776,90,0,:,:,:,:,:,:,:,:,:,:,:,:,1412,422,17590672,11.6,44870,114.7,2793,61289771
288,2022,Austria,260992,249099,11893,178705,:,:,:,5575,4015,1560,0,254,1821,:,:,124,80,328,135,857,114,259,:,:,:,:,8978929,8.6,38560,108.8,1749,26381180
289,2022,Poland,333176,330805,2371,29851.323,37786,25243,12543,19355,12138,7217,0,459,7164,3327,3521,171,145,1616,:,1610,:,413,217,196,3324.94,2356.757,36889761,13.2,14800,61.6,1802,39347696
290,2022,Portugal,171653,171542,111,62655,3225.111,2489.211,735.9,2527.053,1791.174,735.879,0,0,1011,857,154,:,:,63,49,70,195,162.059,151.632,10.427,:,473.252,10421117,8.1,18970,87.3,3115,51165525
291,2022,Romania,69316,69015,302,12360,19629,8500,11129,10615,4032,6583,0,0,2281,1346,749,171,15,1274,662,892,87,131,93,38,:,:,19042455,12,10020,59.9,949,19535951
292,2022,Slovenia,13909,13543,366,36028,2169,1455,714,1208,605,603,0,0,432,298,129,0,5,73,63,79,66,25,3,22,346.03,235.34,2107180,9.3,21790,88.4,616.023,968811
293,2022,Slovakia,66705,62139,4566,34751,:,:,:,3626,1585,2042,0,0,738,174,505,44,15,421,290,441,215,50.1,50.1,:,251.2,233.3,5434712,12.1,16480,85.2,861.2,1942568
294,2022,Finland,76089,76058,31,132302,6728,4235,2493,5918,3428,2490,0,1120,:,:,:,:,:,:,:,:,:,:,:,:,801,519,5548241,7.2,37330,126,948,13812577
295,2022,Sweden,243972,231916,12056,40724,15545,12155,3390,10914,8185,2729,0,1692,3492,373,2932,157,30,176,86,470,2889,229,32,197,3122.037,1944.758,10452326,8.1,45030,122.7,2193,25038812
296,2022,Norway,66695,66391,305,208566,4240,:,:,3907,2513,1394,0,86,:,:,:,:,:,:,:,:,:,:,:,:,:,:,5425270,6.2,72640,141.9,580,32562643
297,2022,Switzerland,433254,421987,11267,466081.057,,,,5318,5309,9,0,176,:,:,:,:,:,:,:,:,:,:,:,:,:,:,8738791,2.7,64390,172.9,1544,42424182
298,2022,United Kingdom,:,:,:,1357,31892,14578,17314,16430,6174,10256,109,0,:,:,:,:,:,:,:,:,:,:,:,:,13810.451,7102.819,:,:,:,128.5,3859,:
299,2022,North Macedonia,406,406,0,857,907,327,580,683,234,449,0,0,65,31,20,13,1,27,12,20,8,3.7,2.532,1.168,:,:,1837114,14,4980,52,335,2134988
300,2022,Türkiye,27031,26411,620,22949,:,:,:,10651,5597,5054,1212,204,:,:,:,:,:,:,:,:,:,:,:,:,:,:,84680273,72.3,13380,41.4,3633,:
301,2023,Belgium,:,:,:,94033,6325,:,:,3629,3195,434,211,0,4023,1551,:,:,:,330,188,269,2249,:,:,:,:,:,11742796,2.3,37340,117.4,:,32341221
302,2023,Bulgaria,21811,19748,2063,20001,6446,:,:,4029,3001,1024,0,0,:,:,:,:,:,:,:,:,:,:,:,:,:,:,6447710,8.6,7900,59.2,840,10561597
303,2023,Czechia,183979,175971,8008,141477,15169,6967,8202,9514,3277,6237,0,0,2719,1187,1394,91,47,1084,874,1032,520,277,137,136,2544.826,1678.429,10827529,12,18480,92.7,1388,14924873
304,2023,Denmark,202866,185951,16915,63873,:,:,:,2448,831,1617,57,0,2085,169,1916,0,0,50,784,72,1132,109,93,16,1971.037,1722.611,5932654,3.4,52510,145.1,:,31737374
305,2023,Germany,2727923,2706433,21490,:,71246,42811,28435,38691,21222,17469,1163,1625,29110,:,:,:,:,1545,:,3774,:,:,:,:,:,:,84358845,6,36290,108.5,13210,185279468
306,2023,Estonia,7805,7805,0,6026,2135,233,1902,1171,140,1031,0,0,98,42,38,16,2,173,20,0,18,:,:,:,:,:,1365884,9.1,15250,100.9,225,2946375
307,2023,Ireland,46066,45443,623,17735,2426,107.5,2318.5,2045,53,1992,0,0,426,:,:,:,:,:,:,:,:,40.7,:,:,:,:,5271395,5.2,71700,137.1,995,39039554
308,2023,Greece,12807,12807,0,6090,2456,1301,1155,1822,738,1084,0,0,319,148,143,7,21,54,75,18,68,20.61,10.56,10.05,:,:,10413982,4.2,19460,85.7,2296,63464819
309,2023,Spain,666205,665205,1000,351096.91,22613.937,17218.058,5395.879,16113.53,10715.629,5365.901,3189.919,747.443,5852,5212,479,121,40,227,173,293,1194,321.613,304.198,17.415,3744.612,2827.082,48085361,3.4,25620,91.1,:,236026566
310,2023,France,1226405,1194639,31766,366029,48906,34932,13974,27597,16782,10815,2681,12657,25629,17380,8249,:,:,1782,1088,1005,7161,:,:,:,:,:,68172977,5.7,33750,112.2,11751.272,160064262
311,2023,Croatia,23851,23522,329,13457,3923,1656,2267,2617,1013,1604,0,0,542,391,118,29,4,120,109,133,122,30,9,21,274,203,3850894,8.4,15020,74.7,1341,10820864
312,2023,Italy,814441,809498,4942,348189,24567,19863,4627,16832,12205,4627,1097,0,14608,:,:,:,:,:,:,:,:,:,:,:,:,:,58997201,5.9,28880,97.8,:,162860378
313,2023,Latvia,17134,17117,16,6467.2,2216.5,498.3,1718.2,1830.9,250.9,1580,0,0,269,:,121,:,:,147,25,0,96,:,:,29,257.19,161.01,1883008,9.1,13300,82,0,6618744
314,2023,Lithuania,4719,4680,39,6291,2411.2,317.5,2093.7,1924.3,152.4,1771.9,0,0,154,1,133,19,1,189,91,0,42,11.1,0.7,10.4,:,:,2857279,8.7,15330,82.1,462,5992018
315,2023,Luxembourg,28688,19917,8770,7333,628,596,32,271,262,9,0,0,255,192,63,:,:,29,0,39,63,26.627,:,:,,,660809,2.9,83320,134,167,4791916
316,2023,Hungary,:,:,:,135385,8766,4672,4094,7437,3368,4069,0,0,2247,1999,141,63,44,541,360,654,414,:,:,:,:,:,9599744,17,14430,73.9,1870.6,14914925
317,2023,Netherlands,:,:,:,132065,5187,4223,964,3041,2267,774,90,0,4776,:,:,:,:,126,:,109,:,:,:,:,1601,486,17811291,4.1,44460,117,2793,71335806
318,2023,Austria,304857,291275,13582,183953,:,:,:,5577,4119,1458,0,254,1819,:,:,161,80,325,194,847,609,269,:,:,:,:,9104772,7.7,37860,111.7,1749,33063166
319,2023,Poland,364676,361212,3464,27982.12,37817,25337,12480,19539,12205,7334,:,:,7467,4560,2610,143,154,1698,:,1710,:,424,276,148,3727.433,2611.405,36753736,10.9,14880,67.4,1851,50168610
320,2023,Portugal,200459,200345,115,64490,3225.111,2489.211,735.9,2527.053,1791.174,735.879,0,0,1022,857,165,:,:,65,49,72,195,162.857,151.632,11.225,:,621.639,10516621,5.3,19250,86.7,3113,61105311
321,2023,Romania,73196,72842,354,12807,19625,8501,11124,10611,4032,6579,0,0,2311,1346,779,171,15,1273,692,915,87,153,114,39,:,:,19054548,9.7,10250,61.1,997,22964198
322,2023,Slovenia,14483,14039,444,39433,2169,1455,714,1208,605,603,0,0,402,193,204,0,5,75,76,77,128,24,3,21,483.17,356.29,2116972,7.2,22130,89.5,616.023,1268352
323,2023,Slovakia,71689,66635,5055,34864,:,:,:,3631,1585,2046,0,0,:,:,:,:,:,421,:,452,:,:,:,:,392.9,364.7,5428792,11,16710,83.8,864.6,2432780
324,2023,Finland,82406,82406,0,127743,6731,4236,2495,5915,3424,2490,0,1119,851,:,:,:,:,229,:,204,:,:,:,:,735,433,5563970,4.3,36760,124.4,948,16602938
325,2023,Sweden,243442,229093,14349,41742,15743,12339,3404,10906,8189,2717,0,:,3536,369,2981,156,30,204,84,505,2940.2,233,32,201,3131.948,1863.174,10521556,5.9,44620,114.3,2194,29440506
326,2023,Norway,78220,77759,461,212694,4660,3128,1532,3903,2509,1394,0,86,497,:,:,:,:,:,:,:,:,:,:,:,1987.956,1358.361,5488984,5.8,71870,124.2,637,36378878
327,2023,Switzerland,495604,482670,12935,494796.86,,,,5318,5309,9,0,176,:,:,:,:,:,:,:,:,:,:,:,:,:,:,8815385,2.3,63870,173.7,1548.7,51954419
328,2023,United Kingdom,:,:,:,1329,31947,14760,17187,16433,6239,10194,109,0,:,:,:,:,:,:,:,:,:,:,:,:,:,:,:,:,:,:,3864,:
329,2023,North Macedonia,280,280,0,597,908,327,581,683,234,449,0,0,65,31,20,13,1,27,12,20,8,3.7,2.532,1.168,:,:,1829954,9,:,54,335,3142510
330,2023,Türkiye,25610,24870,740,:,:,:,:,:,:,:,:,:,:,:,:,:,:,539,164,132,440,:,:,:,:,:,85279553,54,14010,43.4,3726,168558965
