n,year,country,pa_tr,pa_tr_na,pa_tr_in,tr_tr,le_ra_tr,le_li_hi,le_li_up_hi,n_co_tr,n_lo_di,n_ra_di,n_lo_el,ca_ve,ex_in,in_in,po,co_pr_le,le_mo,n_pa_air
18,2013-01-01,Austria,235434.0,225063.0,10371.0,134386.0,9708.0,0.0,237.0,1419.0,464.0,226.0,888.0,269.0,319.0,211.0,8451860.0,108.5,1719.0,25749724.0
11,2013-01-01,Croatia,24216.0,23810.0,406.0,16651.0,4090.0,0.0,0.0,364.0,159.0,106.0,107.0,33.0,285.277,183.147,4247803.0,70.0,1289.0,5722447.0
3,2013-01-01,Czechia,174189.0,170790.0,3399.0,127109.0,15607.0,0.0,0.0,3171.0,1126.0,737.0,770.0,288.0,712.433,377.675,10516125.0,70.1,776.0,11891812.0
4,2013-01-01,Denmark,193500.0,181151.0,12349.0,67045.0,3613.3301473126803,0.0,0.0,67.0,89.0,1088.0,36.0,141.0,564.636,381.475,5602628.0,142.2,1216.0,27459623.0
6,2013-01-01,Estonia,4199.0,4077.0,122.0,3337.0,2146.0,0.0,0.0,78.0,293.0,46.0,0.0,24.1,0.0,0.0,1320174.0,76.8,140.0,1958565.0
24,2013-01-01,Finland,69318.0,68720.0,598.0,113036.0,8523.0,0.0,622.0,505.0,221.0,16.0,155.0,78.0,622.0,421.0,5426674.0,126.1,810.0,16565391.0
10,2013-01-01,France,1164822.0,1122265.0,42557.0,383600.0,53739.875,2036.0,8878.0,15823.0,3050.0,1220.0,1701.0,712.6935334174254,9612.982461911299,5531.460582586819,65600350.0,110.5,11552.0,132762875.0
5,2013-01-01,Germany,2612764.0,2597616.0,15148.0,776000.0,70425.16,881.0,1515.0,23401.238216272053,1013.0,2128.9542885587384,2019.0,993.9093755477596,12214.34785171281,4535.0,80523746.0,106.1,12917.0,180783188.0
8,2013-01-01,Greece,13195.0,13191.0,5.0,10570.0,3109.0,0.0,0.0,521.0,142.0,109.0,30.0,36.5,133.87367735017506,439.7608358531063,11003615.0,92.4,2205.0,34023934.0
16,2013-01-01,Hungary,148379.0,145575.0,2804.0,136221.0,9523.2,0.0,0.0,2293.0,562.0,336.0,561.0,190.92901515985602,1017.858748929641,585.3319515028581,9895250.0,61.1,1562.3,8441319.0
7,2013-01-01,Ireland,37130.0,36361.0,769.0,22150.0,2426.0,0.0,0.0,0.0,180.06338411927058,244.59256379264409,3.5913849842984007,40.7,17.6,985.1210079457139,4609779.0,124.0,897.0,24603640.0
12,2013-01-01,Italy,814517.0,811391.0,3126.0,317362.0,24292.0,675.0,181.0,7730.549100079824,976.0,253.61257536666605,1983.0,403.95583401264224,3321.0,1974.0,60277309.0,105.2,6751.0,115279105.0
13,2013-01-01,Latvia,19730.0,19419.0,310.0,6149.7,2161.0,0.0,0.0,136.0,257.0,25.0,0.0,41.81486045005442,141.763,58.198,2023825.0,72.5,0.0,4782257.0
14,2013-01-01,Lithuania,4346.0,3807.0,538.0,5301.0,2188.7,0.0,0.0,30.0,267.0,39.0,0.0,17.7,293.0,139.0,2974637.0,64.7,309.0,3482358.0
15,2013-01-01,Luxembourg,20549.0,14838.0,5711.0,7129.0,621.0,0.0,0.0,164.0,53.0,2.0,39.0,24.0,1988.7921795530292,2156.966492295004,537039.0,123.8,152.0,2169327.0
29,2013-01-01,North Macedonia,853.0,842.0,11.0,1467.0,923.0,0.0,0.0,33.0,27.0,12.0,16.0,3.11,0.0,0.0,2062294.0,48.9,259.0,1452373.0
26,2013-01-01,Norway,67251.0,66762.0,489.0,187786.0,4143.0,0.0,64.0,2851.143014881485,0.0,431.88144398917086,278.17455503393984,146.40331944460195,1133.642,838.511,5051275.0,160.5,392.0,36686364.0
19,2013-01-01,Poland,257461.0,255619.0,1842.0,30626.0,36939.0,0.0,0.0,5606.0,2194.0,221.0,1838.0,490.0,1818.463,1251.221,38062535.0,57.3,1482.0,23274484.0
20,2013-01-01,Portugal,126079.0,125945.0,134.0,63509.0,3242.2,0.0,0.0,890.0,82.0,56.0,88.0,162.613,0.0,57.2,10503889.0,85.3,3035.0,29694146.0
21,2013-01-01,Romania,56422.0,56188.0,233.0,11110.0,20284.0,0.0,0.0,3407.0,1116.0,286.0,679.0,270.0,321.996,1701.4860771855226,20020074.0,54.7,644.0,10016933.0
23,2013-01-01,Slovakia,45946.0,42608.0,3339.0,36098.0,5327.693392769399,0.0,0.0,575.0,497.0,182.0,487.0,64.4,330.0,323.0,5410836.0,70.6,419.8,1557149.0
22,2013-01-01,Slovenia,15995.0,15563.0,432.0,31429.0,2178.0,0.0,0.0,241.0,74.0,70.0,78.0,22.0,211.342,140.227,2058821.0,85.4,607.026,1265766.0
9,2013-01-01,Spain,558625.0,558239.0,386.0,184283.0,20861.0,1919.0,789.0,772.0,163.0,164.0,224.0,254.0,2661.0,2032.0,46712650.0,97.3,14981.0,157731973.0
25,2013-01-01,Sweden,200706.0,188450.0,12256.0,37947.0,15468.0,0.0,1668.0,893.0,211.0,83.0,436.0,177.0,2028.319,1103.97,9555893.0,134.3,2044.0,31443225.0
30,2013-01-01,Türkiye,20989.0,20890.0,99.0,14732.0,11617.0,888.0,0.0,657.0,537.0,77.0,53.0,159.29,2442.471,2253.799,75627384.0,65.7,2244.0,168558965.0
28,2013-01-01,United Kingdom,1599484.0,1579843.0,19641.0,1827.0,31781.0,109.0,0.0,4223.912789348619,1820.5381168414287,863.2608550448107,357.84269314985283,313.47703365359126,9122.059,7766.762,63905342.0,119.8,3756.02,210468980.0
48,2014-01-01,Austria,232616.0,222381.0,10234.0,129507.0,9752.0,0.0,237.0,1289.0,464.0,225.0,889.0,253.0,588.0,272.0,8507786.0,109.3,1719.0,26378676.0
41,2014-01-01,Croatia,21889.0,21528.0,361.0,15129.0,4014.0,0.0,0.0,356.0,159.0,106.0,107.0,33.0,236.561,130.724,4217632.0,68.4,1290.0,6140797.0
33,2014-01-01,Czechia,175705.0,172255.0,3450.0,125790.0,15578.0,0.0,0.0,3209.0,1109.0,730.0,754.0,287.0,877.869,454.242,10512419.0,65.4,776.0,12079873.0
34,2014-01-01,Denmark,208311.0,195908.0,12403.0,66378.0,3611.585845834714,0.0,0.0,113.0,93.0,1093.0,36.0,144.0,678.623,531.47,5627235.0,143.7,1232.0,29015133.0
36,2014-01-01,Estonia,5905.0,5808.0,97.0,4925.0,2146.0,0.0,0.0,77.0,297.0,52.0,0.0,25.25,0.0,0.0,1315819.0,77.5,141.0,2019806.0
54,2014-01-01,Finland,68262.0,67744.0,518.0,115886.0,8485.0,0.0,906.0,498.0,216.0,16.0,155.0,77.0,605.0,411.0,5451270.0,126.5,881.0,17171931.0
40,2014-01-01,France,1157679.0,1114684.0,42994.0,383600.0,52005.022,2036.0,8827.0,16226.0,3019.0,1214.0,1675.0,690.3141513151885,8983.985908323015,5184.304642030031,66165980.0,111.1,11560.142,136360671.0
35,2014-01-01,Germany,2693080.0,2678025.0,15055.0,806000.0,70368.128,881.0,1513.0,23854.665774223766,1013.0,2148.5103081790025,2019.0,1003.1976468327996,12185.71451966307,5315.0,80767463.0,106.0,12949.0,186445814.0
38,2014-01-01,Greece,13399.0,13356.0,43.0,10583.0,2762.0,0.0,0.0,503.0,96.0,112.0,30.0,36.5,0.0,318.36845565115163,10926807.0,88.7,2205.0,39117833.0
46,2014-01-01,Hungary,146010.0,143407.0,2603.0,138236.0,9359.0,0.0,0.0,2254.0,571.0,345.0,581.0,188.49406794720295,959.3536723822644,553.8653299834243,9850217.0,60.3,1577.2,9054848.0
37,2014-01-01,Ireland,38517.0,37804.0,713.0,22150.0,2426.0,0.0,0.0,0.0,177.83834691945802,257.98788271710225,0.0,40.7,17.6,1115.6042886924545,4637852.0,127.9,897.0,26310826.0
42,2014-01-01,Italy,821722.0,818577.0,3145.0,317362.0,24278.0,733.0,123.0,7723.163285335365,921.0,254.26345652456789,1807.0,403.37030911509436,3321.0,1974.0,60345917.0,106.7,6844.0,121164587.0
43,2014-01-01,Latvia,19190.0,18938.0,252.0,6113.9,2214.0,0.0,0.0,136.0,254.0,25.0,0.0,42.3004109645883,254.93,135.86,2001468.0,73.7,0.0,4802282.0
44,2014-01-01,Lithuania,4126.0,3672.0,454.0,5262.0,2188.5,0.0,0.0,28.0,239.0,34.0,0.0,15.7,417.0,263.0,2947862.0,64.6,309.0,3798110.0
45,2014-01-01,Luxembourg,21503.0,15466.0,6037.0,7129.0,621.0,0.0,0.0,164.0,50.0,2.0,39.0,24.0,1999.0054565189612,2164.9837359711155,549680.0,125.8,152.0,2433966.0
59,2014-01-01,North Macedonia,803.0,791.0,12.0,1498.0,923.0,0.0,0.0,33.0,27.0,12.0,16.0,3.8,0.0,0.0,2065769.0,48.3,259.0,1452373.0
56,2014-01-01,Norway,70341.0,69867.0,473.0,191844.0,4152.0,0.0,64.0,2932.136569199488,0.0,445.08121421548685,276.44298192248795,148.09663242022123,1484.008,1085.895,5109056.0,152.5,392.0,37603195.0
49,2014-01-01,Poland,251887.0,250460.0,1426.0,30626.0,37455.0,0.0,80.0,5532.0,2220.0,154.0,1923.0,458.0,2290.228,1708.53,38017856.0,58.1,1556.0,25714422.0
50,2014-01-01,Portugal,128295.0,128139.0,156.0,60053.0,3244.1,0.0,0.0,890.0,82.0,56.0,88.0,162.613,0.0,101.06,10444092.0,86.3,3065.0,32560621.0
51,2014-01-01,Romania,64751.0,64525.0,225.0,10338.0,20241.0,0.0,0.0,3424.0,1104.0,281.0,675.0,293.0,321.996,1716.486794875448,19947311.0,55.0,683.0,10907487.0
53,2014-01-01,Slovakia,49098.0,45706.0,3392.0,35676.0,5323.537060807272,0.0,0.0,533.0,494.0,171.0,479.0,61.4,284.0,276.0,5415949.0,70.5,419.7,1671290.0
52,2014-01-01,Slovenia,14435.0,14054.0,381.0,31848.0,2178.0,0.0,0.0,241.0,74.0,70.0,78.0,22.0,372.0,270.0,2061085.0,86.1,607.03,1307128.0
39,2014-01-01,Spain,559320.0,558301.0,1019.0,187140.0,20761.0,1908.0,708.0,772.0,163.0,164.0,224.0,254.0,64.0,47.0,46495744.0,96.2,15049.0,165354382.0
55,2014-01-01,Sweden,207280.0,195022.0,12258.0,38004.0,15370.0,0.0,1668.0,893.0,207.0,81.0,441.0,184.0,2163.653,1187.229,9644864.0,129.6,2088.0,32766043.0
60,2014-01-01,Türkiye,23003.0,22848.0,156.0,21489.0,12053.0,1213.0,0.0,644.0,540.0,80.0,80.0,165.864,1553.759,1380.698,76667864.0,60.9,2278.0,168558965.0
58,2014-01-01,United Kingdom,1679746.0,1659637.0,20109.0,1806.0,31809.0,109.0,0.0,4223.571321311826,1817.9007265211044,864.2307007618551,353.0989755208342,313.53583756707866,8750.558,7279.313,64351203.0,128.1,3759.62,220022122.0
78,2015-01-01,Austria,240588.0,230921.0,9667.0,138942.0,9646.0,0.0,237.0,1215.0,432.0,211.0,868.0,228.0,2580.0,2002.0,8584926.0,109.3,1719.0,26754007.0
71,2015-01-01,Croatia,21649.0,21331.0,318.0,14883.0,3968.0,0.0,0.0,356.0,156.0,106.0,107.0,36.0,160.894,60.155,4180915.0,67.8,1310.0,6571698.0
63,2015-01-01,Czechia,176146.0,171976.0,4170.0,125736.0,15570.0,0.0,0.0,3058.0,1110.0,749.0,777.0,283.0,1826.387,1165.145,10538275.0,66.8,776.0,12672004.0
64,2015-01-01,Denmark,212253.0,199212.0,13041.0,65325.0,3470.5103686988477,0.0,0.0,113.0,89.0,1093.0,36.0,148.0,780.565,574.497,5659715.0,142.8,1237.0,30095505.0
66,2015-01-01,Estonia,6659.0,6604.0,55.0,5214.0,2144.0,0.0,0.0,77.0,287.0,52.0,0.0,25.25,0.0,0.0,1314870.0,77.5,147.0,2160978.0
84,2015-01-01,Finland,75952.0,75524.0,428.0,117422.0,8483.0,0.0,906.0,449.0,213.0,16.0,156.0,73.0,505.0,299.0,5471753.0,125.8,881.0,17479246.0
70,2015-01-01,France,1204201.0,1163681.0,40520.0,383600.0,51074.944,2043.0,8937.0,16909.0,3026.0,1220.0,1675.0,678.8265704386549,8731.170975862791,5047.735399011984,66458153.0,112.0,11598.82,140867569.0
65,2015-01-01,Germany,2684908.0,2670893.0,14015.0,799000.0,69886.127,880.0,1511.0,23724.68715140255,1013.0,2136.4409187982933,2019.0,1000.2174350395082,12200.305219190515,5315.0,81197537.0,107.0,12993.0,193936430.0
68,2015-01-01,Greece,16040.0,16008.0,32.0,9999.0,2764.0,0.0,0.0,503.0,96.0,112.0,30.0,36.5,0.0,321.5804586318859,10858018.0,88.2,2205.0,42096402.0
76,2015-01-01,Hungary,146010.0,143407.0,2603.0,141159.0,9358.0,0.0,0.0,2245.0,556.0,363.0,586.0,189.28327705351325,976.8488312181698,562.6122769905814,9815858.0,61.4,1621.4,10228352.0
67,2015-01-01,Ireland,39660.0,39347.0,313.0,17811.0,2426.0,0.0,0.0,0.0,181.89554219297202,292.77595948549913,0.0,40.7,17.6,1511.8528620935956,4677627.0,128.3,916.0,29545020.0
72,2015-01-01,Italy,829494.0,826020.0,3474.0,323422.0,24286.0,733.0,123.0,7823.812041652668,1042.0,263.089139473968,2061.0,405.4226214581757,4467.0,2350.0,60295497.0,106.4,6943.0,127665221.0
73,2015-01-01,Latvia,17065.0,16885.0,179.0,6070.5,2217.0,0.0,0.0,136.0,255.0,25.0,0.0,41.968468533598525,326.55,209.45,1986096.0,73.1,0.0,5145856.0
74,2015-01-01,Lithuania,3790.0,3430.0,360.0,5458.0,2335.5,0.0,0.0,27.0,229.0,34.0,0.0,14.3,341.0,180.0,2926644.0,64.1,309.0,4227389.0
75,2015-01-01,Luxembourg,22496.0,16133.0,6363.0,7129.0,626.0,0.0,0.0,174.0,35.0,0.0,39.0,26.042,2011.30295768608,2174.634627798383,562958.0,125.5,161.0,2651751.0
89,2015-01-01,North Macedonia,1022.0,1013.0,9.0,1470.0,923.0,0.0,0.0,33.0,27.0,12.0,16.0,3.8,0.0,0.0,2069172.0,48.1,259.0,1452373.0
86,2015-01-01,Norway,73836.0,73339.0,497.0,194129.0,4152.0,0.0,64.0,2969.0572410902623,0.0,450.35245302478245,274.83138265682555,148.72676722236383,1563.869,1099.044,5165802.0,152.1,392.0,37503052.0
79,2015-01-01,Poland,264322.0,263178.0,1144.0,30626.0,37572.0,0.0,80.0,5520.0,2217.0,163.0,1816.0,475.0,2406.252,1772.185,38005614.0,57.6,1559.0,28907439.0
80,2015-01-01,Portugal,130421.0,130195.0,226.0,61249.0,3244.1,0.0,0.0,887.0,52.0,51.0,59.0,162.613,0.0,49.73,10395121.0,86.5,3065.0,36005814.0
81,2015-01-01,Romania,61218.0,61001.0,217.0,11182.0,20155.0,0.0,0.0,3358.0,1122.0,266.0,673.0,270.0,321.996,1720.680314642261,19870647.0,55.1,747.0,12580711.0
83,2015-01-01,Slovakia,60292.0,56991.0,3301.0,35888.0,5325.657928208236,0.0,0.0,529.0,468.0,182.0,484.0,61.8,306.0,296.0,5421349.0,70.7,463.1,1943656.0
82,2015-01-01,Slovenia,14135.0,13792.0,343.0,34151.0,2178.0,0.0,0.0,236.0,74.0,70.0,78.0,22.0,486.15,376.38,2062874.0,86.0,610.373,1436003.0
69,2015-01-01,Spain,561973.0,560934.0,1039.0,183579.0,21122.0,1908.0,1011.0,772.0,163.0,164.0,224.0,254.0,64.0,47.0,46425722.0,94.8,15336.0,174652503.0
85,2015-01-01,Sweden,214434.0,201745.0,12689.0,40745.0,15424.0,0.0,1692.0,912.0,187.0,81.0,435.0,186.0,2298.391,1387.823,9747355.0,127.8,2119.0,34011263.0
90,2015-01-01,Türkiye,23278.0,23145.0,132.0,22501.0,12099.0,1184.0,0.0,641.0,547.0,80.0,106.0,168.0,1253.677,1079.822,77695904.0,61.4,2282.0,168558965.0
88,2015-01-01,United Kingdom,1741562.0,1721715.0,19847.0,1675.0,31883.0,109.0,0.0,4220.16255899098,1814.954928671928,859.3747057488639,353.87518195321763,314.0151652499766,12969.801,8665.822,64853393.0,142.6,3768.43,232270437.0
108,2016-01-01,Austria,253196.0,243898.0,9298.0,154887.0,9688.0,0.0,254.0,1198.0,413.0,212.0,844.0,268.0,2580.0,2002.0,8700471.0,110.4,1719.0,27181511.0
101,2016-01-01,Croatia,20709.0,20412.0,298.0,15300.0,3950.0,0.0,0.0,349.0,161.0,107.0,123.0,36.0,131.947,44.336,4131115.0,68.5,1310.0,7475463.0
93,2016-01-01,Czechia,178766.0,173701.0,5066.0,128866.0,15539.0,0.0,0.0,2832.0,1156.0,759.0,814.0,266.0,1258.404,681.501,10553843.0,68.3,1222.661,13672362.0
94,2016-01-01,Denmark,211399.0,198682.0,12717.0,65181.0,3445.536340018194,0.0,0.0,113.0,90.0,1035.0,36.0,126.0,541.691,356.068,5707251.0,146.1,1255.0,32763142.0
96,2016-01-01,Estonia,6926.0,6823.0,103.0,5392.0,2141.0,0.0,0.0,77.0,287.0,52.0,0.0,25.25,0.0,0.0,1315944.0,78.8,145.0,2214989.0
114,2016-01-01,Finland,82114.0,81662.0,452.0,121971.0,6701.0,0.0,1059.0,449.0,216.0,16.0,155.0,79.0,496.0,280.0,5487308.0,126.1,890.0,18099954.0
100,2016-01-01,France,1234996.0,1196923.0,38073.0,383600.0,50291.348,2166.0,8829.0,17009.0,3041.0,1215.0,1667.0,668.6548862445072,8430.548492376678,4881.755830038525,66638391.0,112.4,11612.453,145280602.0
95,2016-01-01,Germany,2813782.0,2799851.0,13931.0,811100.0,69901.647,994.0,1511.0,23907.710368613953,2258.0,2137.2367554424086,2313.0,1004.760181515406,12223.06122803556,5040.0,82175684.0,107.1,12996.0,200687293.0
98,2016-01-01,Greece,15582.0,15561.0,21.0,9240.0,2764.0,0.0,0.0,503.0,96.0,112.0,30.0,36.5,0.0,315.0017785749478,10783748.0,87.7,2205.0,45543371.0
106,2016-01-01,Hungary,146010.0,143407.0,2603.0,143806.0,11424.0,0.0,0.0,1946.0,573.0,335.0,584.0,203.47391886248067,1307.5644839333463,745.6122134022323,9779652.0,62.4,1628.0,11660366.0
97,2016-01-01,Ireland,42820.0,42478.0,342.0,17275.0,2426.0,0.0,0.0,0.0,182.83165903319178,291.9591781725951,0.0,40.7,17.6,1514.6489322719292,4726286.0,129.3,916.0,32595709.0
102,2016-01-01,Italy,852220.0,849248.0,2972.0,330690.0,24435.0,733.0,176.0,7952.970423847558,978.0,268.8284324384538,2097.0,408.98977811306827,4340.0,3137.0,60163712.0,104.3,6943.0,134477781.0
103,2016-01-01,Latvia,17228.0,17071.0,157.0,6002.9,2217.0,0.0,0.0,135.0,259.0,25.0,0.0,42.01760284469756,131.77,23.8,1968957.0,74.4,0.0,5384160.0
104,2016-01-01,Lithuania,3916.0,3580.0,336.0,6042.0,2335.7,0.0,0.0,21.0,230.0,41.0,0.0,15.9,237.0,70.0,2895573.0,65.1,314.0,4787561.0
105,2016-01-01,Luxembourg,22459.0,16081.0,6378.0,7129.0,626.0,0.0,0.0,174.0,34.0,0.0,39.0,26.042,2111.2985375824883,2252.9911418216852,576249.0,127.9,161.0,2984242.0
119,2016-01-01,North Macedonia,663.0,660.0,3.0,1512.0,907.0,0.0,0.0,33.0,26.0,12.0,16.0,3.8,0.0,0.0,2071278.0,47.9,259.0,1649374.0
116,2016-01-01,Norway,74293.0,73756.0,537.0,199284.0,4164.0,0.0,64.0,3052.5673059445926,0.0,457.2714197698922,278.2246269350496,150.37221577316228,1729.598,1151.271,5213985.0,152.6,392.0,37727546.0
109,2016-01-01,Poland,275445.0,274302.0,1143.0,30912.14,37386.0,0.0,80.0,5270.0,2190.0,157.0,1814.0,450.0,1559.177,933.031,37967209.0,55.9,1637.0,32266861.0
110,2016-01-01,Portugal,133472.0,133238.0,234.0,63688.0,3244.1,0.0,0.0,876.0,52.0,51.0,59.0,162.613,0.0,52.74,10368554.0,87.3,3065.0,40930044.0
111,2016-01-01,Romania,58859.0,58656.0,203.0,11830.0,20157.0,0.0,0.0,3324.0,1052.0,266.0,673.0,264.0,262.137,1728.1920236057115,19760585.0,53.8,747.0,15153719.0
113,2016-01-01,Slovakia,69150.0,65807.0,3343.0,33527.0,5343.162006194215,0.0,0.0,548.0,455.0,176.0,485.0,64.6,141.0,132.0,5426252.0,77.9,463.2,2158261.0
112,2016-01-01,Slovenia,13650.0,13231.0,419.0,33519.0,2178.0,0.0,0.0,234.0,74.0,70.0,78.0,22.0,174.28,84.44,2064188.0,86.9,610.373,1404152.0
99,2016-01-01,Spain,569822.0,568756.0,1065.0,181080.0,22080.0,2503.0,626.0,772.0,163.0,164.0,224.0,254.0,64.0,47.0,46418884.0,95.3,15444.0,193872037.0
115,2016-01-01,Sweden,220945.0,208944.0,12001.0,40772.0,15459.0,0.0,1692.0,892.0,194.0,78.0,427.0,193.0,2131.293,1177.328,9851017.0,130.7,2118.0,35952558.0
120,2016-01-01,Türkiye,20960.0,20790.0,170.0,21677.0,12099.0,1184.0,0.0,602.0,543.0,80.0,125.0,170.0,1889.75,1718.063,78741053.0,61.7,2542.0,168558965.0
118,2016-01-01,United Kingdom,1772563.0,1753135.0,19428.0,1507.0,31910.0,109.0,0.0,4206.044775533757,1808.9589270257975,852.716271995988,353.4694166057842,313.896223189587,11465.808,7565.773,65379044.0,127.7,3764.33,248868873.0
138,2017-01-01,Austria,254493.0,245224.0,9269.0,212357.0,9782.0,0.0,254.0,968.0,390.0,205.0,851.0,239.0,2580.0,2002.0,8772865.0,111.6,1719.0,28327279.0
131,2017-01-01,Croatia,19803.0,19513.0,290.0,15195.0,3942.0,0.0,0.0,325.0,161.0,105.0,124.0,36.0,153.543,62.57,4078769.0,69.2,1310.0,8843053.0
123,2017-01-01,Czechia,182724.0,176932.0,5791.0,132872.0,15519.0,0.0,0.0,2864.0,1132.0,762.0,844.0,270.0,1113.462,565.639,10578820.0,70.5,1240.0,16245554.0
124,2017-01-01,Denmark,206566.0,193928.0,12638.0,63138.0,3316.4425615885057,0.0,0.0,113.0,90.0,871.0,35.0,118.0,566.236,361.762,5748769.0,143.1,1308.0,33261214.0
126,2017-01-01,Estonia,7433.0,7326.0,107.0,5475.0,2141.0,0.0,0.0,76.0,281.0,49.0,0.0,25.03,0.0,0.0,1315635.0,80.9,154.0,2635145.0
144,2017-01-01,Finland,85703.0,85155.0,548.0,123914.0,6708.0,0.0,1059.0,393.0,218.0,16.0,165.0,80.0,504.0,271.0,5503297.0,125.1,893.0,20054947.0
130,2017-01-01,France,1277193.0,1238071.0,39123.0,392352.0,50108.371,2339.0,12600.0,16686.0,2998.0,1214.0,1621.0,665.6133867824248,8218.75106594104,4751.821662286503,66809816.0,113.0,11618.101,154096485.0
125,2017-01-01,Germany,2831443.0,2815592.0,15851.0,809000.0,70401.059,1104.0,1511.0,23913.48512744748,2258.0,2142.7155185726847,2313.0,1006.2668692491532,12311.70738249017,5515.0,82521653.0,106.5,13009.0,212389343.0
128,2017-01-01,Greece,15359.0,15337.0,22.0,9547.0,2764.0,0.0,0.0,503.0,96.0,112.0,30.0,36.5,0.0,321.32793826764555,10768193.0,86.9,2205.0,50170728.0
136,2017-01-01,Hungary,146010.0,143407.0,2603.0,146503.0,11524.0,0.0,0.0,1918.0,564.0,334.0,590.0,207.30950985372334,1365.0086603340637,777.3205967269569,9739857.0,65.9,1636.2,13350029.0
127,2017-01-01,Ireland,45505.0,45130.0,375.0,17475.0,2426.0,0.0,0.0,0.0,179.15191915212588,309.82973485926925,0.0,40.7,17.6,1688.3606996260548,4799157.0,131.5,916.0,34271771.0
132,2017-01-01,Italy,848757.0,846081.0,2676.0,332642.0,24483.0,733.0,176.0,7987.8098489115355,723.0,273.6331235926492,1850.0,409.72908812134625,4550.0,3591.0,60066734.0,103.7,6943.0,144306325.0
133,2017-01-01,Latvia,17494.0,17327.0,167.0,6027.5,2217.0,0.0,0.0,133.0,247.0,25.0,0.0,42.126677874236194,129.34,23.89,1950116.0,74.9,0.0,6077854.0
134,2017-01-01,Lithuania,4176.0,3855.0,322.0,6254.0,2335.7,0.0,0.0,21.0,216.0,41.0,0.0,15.6,210.0,49.0,2859077.0,66.1,324.0,5246101.0
135,2017-01-01,Luxembourg,22930.0,16523.0,6407.0,7129.0,622.0,0.0,0.0,197.0,35.0,0.0,39.0,27.19,2071.8484103142655,2222.6070598702636,590667.0,128.8,165.0,3554730.0
149,2017-01-01,North Macedonia,500.0,495.0,5.0,798.0,907.0,0.0,0.0,33.0,26.0,12.0,16.0,3.8,0.0,0.0,2073702.0,48.8,259.0,1861282.0
146,2017-01-01,Norway,73561.0,72968.0,593.0,197567.0,4208.0,0.0,64.0,2551.288039174885,0.0,433.9143741662399,143.09273035192305,131.64339072446597,1611.558,1200.172,5258317.0,148.4,523.0,38739778.0
139,2017-01-01,Poland,293048.0,291500.0,1548.0,30908.71,37195.0,0.0,136.0,5435.0,2091.0,173.0,1734.0,463.0,1965.938,1287.996,37972964.0,58.8,1637.0,37684668.0
140,2017-01-01,Portugal,142127.0,141876.0,251.0,65134.0,3244.1,0.0,0.0,876.0,60.0,51.0,59.0,162.613,0.0,86.23,10344478.0,88.9,3065.0,47673057.0
141,2017-01-01,Romania,67330.0,67142.0,188.0,11688.0,20144.0,0.0,0.0,3324.0,1052.0,266.0,673.0,264.0,214.476,1752.8401778458963,19643949.0,54.7,763.0,17934774.0
143,2017-01-01,Slovakia,74916.0,71474.0,3442.0,33882.0,5343.589616910504,0.0,0.0,536.0,418.0,180.0,463.0,64.0,244.0,231.0,5435343.0,82.4,482.3,2402651.0
142,2017-01-01,Slovenia,13002.0,12592.0,410.0,33060.0,2178.0,0.0,0.0,234.0,73.0,70.0,78.0,22.0,213.65,132.5,2065895.0,86.5,617.62,1682133.0
129,2017-01-01,Spain,593354.0,592284.0,1070.0,187570.0,21853.0,2483.0,650.0,3563.0,207.0,174.0,226.0,254.0,330.0,5.0,46497393.0,94.7,15523.0,209824089.0
145,2017-01-01,Sweden,229817.0,217668.0,12149.0,41106.0,15568.0,0.0,1692.0,834.0,191.0,78.0,430.0,195.0,2198.213,1196.355,9995153.0,131.2,2132.0,38456213.0
150,2017-01-01,Türkiye,22563.0,22430.0,132.0,20819.0,12175.0,1184.0,0.0,203.0,543.0,71.0,125.0,168.0,1931.515,1733.0,79814871.0,55.2,2657.0,168558965.0
148,2017-01-01,United Kingdom,1757359.0,1737710.0,19649.0,1528.0,31727.0,109.0,0.0,4123.240806987648,1774.5244528054704,797.7310661005653,385.1236933621955,313.8565598920605,10468.021,6520.127,65844142.0,119.6,3803.1,264629454.0
168,2018-01-01,Austria,272637.0,262719.0,9918.0,159581.0,9785.0,0.0,254.0,893.0,362.0,193.0,824.0,236.0,2580.0,2002.0,8822267.0,112.2,1743.0,31138417.0
161,2018-01-01,Croatia,20244.0,19942.0,301.0,15109.0,3940.0,0.0,0.0,316.0,165.0,103.0,135.0,33.0,196.274,99.62,4014341.0,70.6,1310.0,9731294.0
153,2018-01-01,Czechia,189288.0,182513.0,6775.0,136122.0,15488.0,0.0,0.0,2798.0,1120.0,772.0,843.0,270.0,1412.095,740.944,10610055.0,74.0,1252.0,17838221.0
154,2018-01-01,Denmark,205307.0,192211.0,13096.0,62068.0,3247.2198044385177,0.0,0.0,113.0,90.0,871.0,32.0,120.0,842.457,392.851,5781190.0,141.4,1329.0,34701139.0
156,2018-01-01,Estonia,7759.0,7652.0,107.0,5512.0,2140.0,0.0,0.0,76.0,276.0,49.0,0.0,25.0,0.0,0.0,1319133.0,83.0,154.0,2995528.0
174,2018-01-01,Finland,87502.0,86951.0,552.0,128894.0,6712.0,0.0,1120.0,392.0,217.0,16.0,173.0,80.0,532.0,311.0,5513130.0,125.7,926.0,22173530.0
160,2018-01-01,France,1246580.0,1207232.0,39348.0,364791.0,49179.41,2339.0,12600.0,17587.0,3088.0,1218.0,1577.0,645.2366358902839,7948.504533015533,4661.86608938431,67026224.0,113.9,11670.526,161991179.0
155,2018-01-01,Germany,2880558.0,2865171.0,15387.0,808000.0,70532.964,1104.0,1559.0,23992.186079666837,2258.0,2166.1581857458477,2313.0,1010.1145626974003,12447.040401167538,5792.0,82792351.0,105.8,13141.0,222422361.0
158,2018-01-01,Greece,16795.0,16778.0,17.0,9599.0,2870.0,0.0,0.0,144.0,54.0,85.0,16.0,20.06,0.0,304.6674030825534,10741165.0,86.8,2205.0,54258826.0
166,2018-01-01,Hungary,146010.0,143407.0,2603.0,149250.0,11336.0,0.0,0.0,1817.0,538.0,326.0,595.0,203.56797830329913,1294.1195884235199,740.2745391037777,9713655.0,66.0,1669.4,15176493.0
157,2018-01-01,Ireland,47960.0,47546.0,414.0,16320.0,2426.0,0.0,0.0,0.0,216.53808155623224,347.48565953754303,0.0,40.7,17.6,1890.0451256497752,4855733.0,134.1,916.0,36345005.0
162,2018-01-01,Italy,866588.0,863992.0,2596.0,342560.0,24502.0,733.0,176.0,8149.324849861304,548.0,287.3487267538161,1942.0,412.8936113758095,4855.0,3966.0,59937769.0,103.3,6966.0,153352444.0
163,2018-01-01,Latvia,18242.0,18075.0,166.0,6058.8,2217.0,0.0,0.0,133.0,221.0,25.0,0.0,42.257829573711085,133.12,21.16,1934379.0,76.7,0.0,7037070.0
164,2018-01-01,Lithuania,4665.0,4300.0,366.0,6317.0,2335.1,0.0,0.0,17.0,216.0,41.0,0.0,14.7,196.0,65.0,2826200.0,67.5,324.0,6254178.0
165,2018-01-01,Luxembourg,23331.0,17155.0,6176.0,7129.0,622.0,0.0,0.0,189.0,33.0,0.0,39.0,26.211,2039.5341129092594,2197.343903991412,602005.0,126.9,165.0,3988804.0
179,2018-01-01,North Macedonia,540.0,534.0,6.0,1288.0,907.0,0.0,0.0,33.0,26.0,12.0,16.0,3.8,0.0,0.0,2075301.0,49.9,287.0,2152746.0
176,2018-01-01,Norway,77740.0,77298.0,442.0,197786.0,4177.0,0.0,64.0,3023.521942804997,0.0,456.04525918494835,273.114360610604,149.85191467167272,1400.677,1104.246,5295619.0,145.6,599.0,40030105.0
169,2018-01-01,Poland,299053.0,297230.0,1823.0,30311.0,37020.0,0.0,136.0,1915.0,2149.0,405.0,1738.0,406.0,2802.534,2133.99,37976687.0,59.6,1637.0,43767548.0
170,2018-01-01,Portugal,147581.0,147408.0,173.0,62903.0,3244.1,0.0,0.0,876.0,62.0,51.0,59.0,162.77,0.0,108.0,10335770.0,88.2,3065.0,51018598.0
171,2018-01-01,Romania,64715.0,64539.0,176.0,11336.0,20104.0,0.0,0.0,3401.0,1048.0,277.0,673.0,293.0,180.082,1770.7083257769493,19533481.0,55.7,823.0,19809642.0
173,2018-01-01,Slovakia,77265.0,73380.0,3885.0,35003.0,5345.258325889452,0.0,0.0,483.0,408.0,169.0,442.0,61.0,294.5,279.4,5443120.0,84.5,482.3,2794094.0
172,2018-01-01,Slovenia,13105.0,12677.0,428.0,35057.0,2178.0,0.0,0.0,234.0,73.0,70.0,78.0,22.0,241.8,153.58,2066880.0,87.1,623.31,1810567.0
159,2018-01-01,Spain,596143.0,595114.0,1029.0,189155.0,21882.0,2483.0,764.0,3585.0,228.0,166.0,227.0,192.0,888.0,462.0,46645070.0,96.4,15583.0,220611429.0
175,2018-01-01,Sweden,246490.0,235330.0,11160.0,41090.0,15571.0,0.0,1692.0,793.0,211.0,73.0,440.0,196.0,2065.644,1098.33,10120242.0,125.1,2132.0,38945096.0
180,2018-01-01,Türkiye,24289.0,24089.0,200.0,28274.0,12307.0,1184.0,0.0,203.0,539.0,87.0,125.0,159.0,1931.515,1733.0,80810525.0,45.9,2842.0,168558965.0
178,2018-01-01,United Kingdom,1783232.0,1762710.0,20521.0,2009.0,31780.0,109.0,0.0,4041.410984512333,1737.916995108068,754.4023709982911,403.33364823518497,312.3222387977601,11664.839,7059.941,66273576.0,119.6,3837.9,272190155.0
198,2019-01-01,Austria,278066.0,267274.0,10792.0,164057.0,9788.0,0.0,254.0,1351.0,368.0,196.0,836.0,238.0,2580.0,2002.0,8858775.0,113.2,1743.0,35644188.0
191,2019-01-01,Croatia,19827.0,19525.0,302.0,15225.0,3945.0,0.0,0.0,271.0,162.0,105.0,123.0,31.0,229.037,128.202,3968676.0,71.3,1310.0,10623239.0
183,2019-01-01,Czechia,193569.0,186150.0,7419.0,136682.0,15418.0,0.0,0.0,2475.0,1082.0,821.0,886.0,252.0,1545.462,762.836,10649800.0,75.1,1276.0,18767088.0
184,2019-01-01,Denmark,206601.0,193053.0,13548.0,63097.0,3384.563671992066,57.0,0.0,113.0,86.0,814.0,35.0,117.0,441.194,314.354,5806081.0,143.4,1346.0,34780127.0
186,2019-01-01,Estonia,8373.0,8261.0,112.0,5641.0,2144.0,0.0,0.0,76.0,200.0,47.0,0.0,25.0,0.0,0.0,1324820.0,84.9,161.0,3258003.0
204,2019-01-01,Finland,92801.0,92162.0,639.0,132454.0,6712.0,0.0,1120.0,392.0,229.0,16.0,204.0,80.0,478.0,247.0,5517919.0,126.3,926.0,23287929.0
190,2019-01-01,France,1265492.0,1225497.0,39995.0,365949.0,49821.511,2701.0,12657.0,17873.0,3028.0,1216.0,1514.0,650.822584977033,7910.553478432571,4643.677041486005,67290471.0,113.4,11676.682,168726788.0
185,2019-01-01,Germany,2938023.0,2921000.0,17023.0,836000.0,70741.056,1104.0,1559.0,24395.03967968378,2258.0,2162.100838352531,2313.0,1019.584995074107,12338.881205647718,5948.0,83019213.0,107.0,13183.0,226764086.0
188,2019-01-01,Greece,19599.0,19590.0,8.0,9531.0,2909.0,0.0,0.0,144.0,56.0,85.0,16.0,20.06,0.0,300.10252807475786,10724599.0,86.9,2205.0,56088527.0
196,2019-01-01,Hungary,146010.0,143407.0,2603.0,152049.0,11345.0,0.0,0.0,1807.0,572.0,345.0,622.0,204.69152295740076,1310.194856162424,750.9670870441771,9700272.0,67.4,1723.2,16700750.0
187,2019-01-01,Ireland,50060.0,49652.0,408.0,17439.0,2426.0,0.0,0.0,0.0,212.0198614553974,356.8288259859381,0.0,40.7,17.6,1970.056841700143,4940311.0,136.3,995.0,37947510.0
192,2019-01-01,Italy,883300.0,880437.0,2863.0,347364.0,24500.0,733.0,176.0,8228.954262613592,661.0,294.5485639722102,1900.0,414.4808446895285,4766.0,3924.0,59816673.0,101.6,6977.0,160667939.0
193,2019-01-01,Latvia,18623.0,18442.0,180.0,6067.8,2217.0,0.0,0.0,133.0,221.0,25.0,0.0,42.29801445310536,140.54,27.37,1919968.0,77.9,0.0,7785726.0
194,2019-01-01,Lithuania,4991.0,4565.0,427.0,6973.0,2345.9,0.0,0.0,13.0,211.0,41.0,0.0,11.7,197.0,69.0,2812200.0,68.0,403.0,6504685.0
195,2019-01-01,Luxembourg,25016.0,17812.0,7204.0,7129.0,628.0,0.0,0.0,189.0,33.0,0.0,39.0,26.211,2075.0004533048486,2225.144300383339,613894.0,132.0,165.0,4365569.0
209,2019-01-01,North Macedonia,549.0,546.0,3.0,1136.0,907.0,0.0,0.0,33.0,26.0,12.0,17.0,3.8,0.0,0.0,2077132.0,49.8,335.0,2353327.0
206,2019-01-01,Norway,80402.0,79905.0,497.0,200905.0,4180.0,0.0,64.0,3075.7154518184825,0.0,460.90584220495475,274.7440185890857,150.95005189918925,1664.484,1366.649,5328212.0,144.7,580.0,40348437.0
199,2019-01-01,Poland,333176.0,322281.0,2371.0,30873.6,37250.0,0.0,136.0,1951.0,2098.0,405.0,1762.0,394.0,3163.626,2339.678,37972812.0,59.9,1676.0,46942771.0
200,2019-01-01,Portugal,175511.0,175333.0,178.0,63310.0,3224.19,0.0,0.0,885.0,66.0,54.0,59.0,163.63,0.0,216.152,10333496.0,87.9,3065.0,55007894.0
201,2019-01-01,Romania,67911.0,67707.0,204.0,10986.0,20079.0,0.0,0.0,1217.0,1363.0,543.0,1005.0,135.0,185.784,1782.094125943928,19414458.0,55.5,866.0,21565865.0
203,2019-01-01,Slovakia,80671.0,76488.0,4184.0,36759.0,5341.930990833945,0.0,0.0,346.0,431.0,244.0,445.0,60.0,234.1,222.6,5450421.0,86.0,495.3,2839787.0
202,2019-01-01,Slovenia,13259.0,12837.0,423.0,36929.0,2178.0,0.0,0.0,235.0,62.0,70.0,78.0,22.0,312.42,220.5,2080908.0,86.9,623.31,1719039.0
189,2019-01-01,Spain,627644.0,626584.0,1060.0,185698.0,21988.013,2624.181,795.601,3570.0,223.0,161.0,236.0,237.168,2519.984,1797.176,46918951.0,96.0,15722.0,228262372.0
205,2019-01-01,Sweden,264603.0,252131.0,12472.0,41343.0,15542.0,0.0,1692.0,794.0,185.0,69.0,432.0,197.0,2355.819,1382.459,10230185.0,123.2,2133.0,37614763.0
210,2019-01-01,Türkiye,26204.0,26014.0,190.0,39695.0,12370.0,1184.0,0.0,568.0,549.0,37.0,140.0,220.0,1931.515,1733.0,82003882.0,47.3,3060.0,168558965.0
208,2019-01-01,United Kingdom,1836886.0,1816345.0,20541.0,1681.0,31907.0,109.0,0.0,4116.429522475258,1766.040243650952,770.9434036080293,406.2108939799186,316.1552496331274,10191.736,5390.934,66647112.0,120.9,3851.0,277432380.0
228,2020-01-01,Austria,164061.0,159448.0,4613.0,153906.0,9762.0,0.0,254.0,1396.0,356.0,196.0,907.0,238.0,2580.0,2002.0,8901064.0,111.7,1749.0,9168431.0
221,2020-01-01,Croatia,13100.0,12963.0,137.0,12781.0,3950.0,0.0,0.0,316.0,165.0,113.0,141.0,31.0,219.012,126.287,3933511.0,70.7,1310.0,1943547.0
213,2020-01-01,Czechia,129308.0,126678.0,2630.0,137515.0,15360.0,0.0,0.0,1582.0,1088.0,873.0,878.0,275.0,1960.764,1123.342,10693939.0,76.3,1298.0,3821372.0
214,2020-01-01,Denmark,133900.0,128514.0,5386.0,61882.0,3216.15959237691,57.0,0.0,113.0,76.0,790.0,33.0,113.0,514.341,378.847,5822763.0,142.6,1354.0,8658654.0
216,2020-01-01,Estonia,5984.0,5976.0,8.0,5329.0,2143.0,0.0,0.0,42.0,187.0,32.0,0.0,14.64,0.0,0.0,1328976.0,86.0,199.0,857837.0
234,2020-01-01,Finland,59550.0,59432.0,118.0,116302.0,6707.0,0.0,1120.0,392.0,229.0,16.0,204.0,80.0,575.0,316.0,5525292.0,126.4,933.0,5428622.0
220,2020-01-01,France,723809.0,707374.0,16435.0,284730.0,49345.0,2681.0,12657.0,18247.0,2706.0,1212.0,1457.0,618.5426032460429,7664.971771669659,4641.0876408898,67473651.0,113.0,11660.228,50724011.0
215,2020-01-01,Germany,1752198.0,1737771.0,14427.0,819000.0,70182.411,1104.0,1566.0,23966.475919224788,2258.0,2094.7985563541192,2313.0,1007.7662769452709,12090.928346523488,6931.0,83166711.0,106.9,13192.0,57795978.0
218,2020-01-01,Greece,10220.0,10220.0,0.0,7403.0,3039.0,0.0,0.0,144.0,56.0,85.0,16.0,20.06,0.0,259.78985903396347,10718565.0,88.4,2205.0,17341192.0
226,2020-01-01,Hungary,146010.0,143407.0,2603.0,140401.0,11393.0,0.0,0.0,1758.0,570.0,306.0,584.0,201.8282383856033,1306.3794454010185,765.6532584264519,9689376.0,66.3,1774.3,3962687.0
217,2020-01-01,Ireland,17930.0,17792.0,139.0,14738.0,2426.0,0.0,0.0,0.0,215.81371495960352,367.6282190316763,0.0,40.7,17.6,2115.6998782413866,5012600.0,141.7,995.0,8268297.0
222,2020-01-01,Italy,382374.0,381352.0,1023.0,272268.0,24515.0,733.0,176.0,6992.689620790302,654.0,186.54646547397007,1918.0,389.9948277183368,4461.0,3693.0,59641488.0,101.7,6978.0,40405355.0
223,2020-01-01,Latvia,12862.0,12835.0,26.0,5920.5,2216.1,0.0,0.0,133.0,201.0,25.0,0.0,42.17952629821508,149.48,48.68,1907675.0,78.5,0.0,1995133.0
224,2020-01-01,Lithuania,3238.0,3171.0,67.0,6067.0,2346.0,0.0,0.0,13.0,214.0,41.0,0.0,34.6,145.0,17.0,2809977.0,69.9,400.0,1804500.0
225,2020-01-01,Luxembourg,14527.0,10558.0,3968.0,7129.0,628.0,0.0,0.0,193.0,36.0,0.0,39.0,26.627,1970.3450398389296,2143.1302840392573,626108.0,137.4,165.0,1426310.0
239,2020-01-01,North Macedonia,253.0,253.0,0.0,885.0,907.0,0.0,0.0,33.0,26.0,12.0,17.0,3.8,0.0,0.0,2076255.0,51.2,335.0,709241.0
236,2020-01-01,Norway,42599.0,42523.0,76.0,194769.0,4196.0,0.0,64.0,2964.856482130308,0.0,445.8825637872312,274.92857489160684,148.5813599450192,1987.956,1358.361,5367580.0,135.8,580.0,13216883.0
229,2020-01-01,Poland,333176.0,202005.0,2371.0,27473.989,37269.0,0.0,459.0,1943.0,1941.0,405.0,1730.0,386.0,3302.723,2437.542,37958138.0,59.1,1712.0,13825460.0
230,2020-01-01,Portugal,102247.0,102224.0,24.0,57377.0,3224.19,0.0,0.0,881.0,70.0,54.0,62.0,164.878,0.0,219.706,10375395.0,90.3,3065.0,16548993.0
231,2020-01-01,Romania,49087.0,49010.0,78.0,8271.0,20071.0,0.0,0.0,1414.0,1337.0,517.0,867.0,125.0,373.623,1775.121336335609,19328838.0,55.4,920.0,6633447.0
233,2020-01-01,Slovakia,49421.0,47980.0,1441.0,33804.0,5352.338439459607,0.0,0.0,331.0,439.0,245.0,462.0,61.5,185.6,176.8,5457873.0,83.2,818.2,500604.0
232,2020-01-01,Slovenia,7924.0,7785.0,139.0,34099.0,2178.0,0.0,0.0,238.0,67.0,75.0,79.0,22.0,301.88,202.44,2095861.0,87.3,616.11,287787.0
219,2020-01-01,Spain,329721.0,329443.0,278.0,137197.0,22273.796,2890.1,711.226,3461.0,220.0,141.0,244.0,237.166,2357.477,1929.924,47318050.0,97.8,15752.0,57797305.0
235,2020-01-01,Sweden,169163.0,164381.0,4782.0,37113.0,15557.0,0.0,1692.0,835.0,181.0,69.0,439.0,213.0,2744.449,1720.014,10327589.0,124.8,2179.0,9317677.0
240,2020-01-01,Türkiye,6446.0,6426.0,20.0,13326.0,12803.0,1184.0,0.0,412.0,565.0,99.0,125.0,220.0,1931.515,1733.0,83154997.0,44.9,3523.0,168558965.0
238,2020-01-01,United Kingdom,1836886.0,1816345.0,20541.0,1023.0,31940.0,109.0,0.0,4121.68695832666,1772.4339576658404,774.0127602336868,403.623964181255,316.6477574012455,11102.619,6215.578,67025542.0,120.3,3851.0,277432380.0
258,2021-01-01,Austria,190278.0,184720.0,5557.0,171034.0,9762.0,0.0,254.0,1396.0,350.0,197.0,876.0,241.0,2580.0,2002.0,8932664.0,108.5,1749.0,11105564.0
251,2021-01-01,Croatia,13534.0,13322.0,212.0,13604.0,3944.0,0.0,0.0,326.0,127.0,109.0,133.0,32.0,236.571,140.667,3893026.0,69.4,1316.0,4458400.0
243,2021-01-01,Czechia,135083.0,132044.0,3039.0,135118.0,15261.0,0.0,0.0,1616.0,1145.0,892.0,977.0,281.0,2243.877,1449.298,10494836.0,83.3,1346.0,4755160.0
244,2021-01-01,Denmark,134076.0,127630.0,6446.0,62407.0,3225.2364818578435,57.0,0.0,113.0,48.0,792.0,62.0,114.0,1132.715,984.537,5840045.0,140.8,1355.0,10817817.0
246,2021-01-01,Estonia,6077.0,6077.0,0.0,5773.0,2143.0,0.0,0.0,42.0,172.0,20.0,0.0,7.31,0.0,0.0,1330068.0,91.1,199.0,1292941.0
264,2021-01-01,Finland,55009.0,55005.0,4.0,122865.0,6707.0,0.0,1120.0,392.0,229.0,16.0,204.0,80.0,657.0,387.0,5533793.0,125.8,944.0,4554497.0
250,2021-01-01,France,894536.0,879004.0,15531.0,347016.0,49188.0,2681.0,12657.0,17347.0,1942.0,1108.0,1073.0,635.1681801908471,7661.735314853316,4539.249461561836,67728568.0,114.3,11664.359,66033809.0
245,2021-01-01,Germany,1761388.0,1752072.0,9316.0,848000.0,70108.335,1103.561,1625.0,24374.15480992267,1545.0,2100.28148428571,3774.0,1016.1958431702574,12026.678365819436,7279.0,83155031.0,107.2,13155.0,73597370.0
248,2021-01-01,Greece,10029.0,10029.0,0.0,7054.0,3039.0,0.0,0.0,144.0,56.0,85.0,16.0,20.06,0.0,318.15148991303795,10678632.0,87.3,2205.0,32245559.0
256,2021-01-01,Hungary,146010.0,143407.0,2603.0,142580.0,11586.0,0.0,0.0,1809.0,575.0,317.0,614.0,204.57946123063078,1350.0429684411292,795.9252774211802,9651461.0,68.2,1859.5,4665369.0
247,2021-01-01,Ireland,17411.0,17142.0,270.0,15851.0,2426.0,0.0,0.0,0.0,206.799170452736,408.5397908044889,0.0,40.7,17.6,2496.8120691994836,5066893.0,138.3,995.0,9097359.0
252,2021-01-01,Italy,483101.0,481270.0,1831.0,315800.0,24564.0,734.0,175.0,7710.791383740095,509.0,242.2591382135213,1999.0,405.311314120846,5836.0,5014.0,59236213.0,101.0,7556.0,59709143.0
253,2021-01-01,Latvia,11194.0,11189.0,5.0,5995.4,2213.1,0.0,0.0,133.0,176.0,25.0,0.0,42.389883080209515,174.13,85.36,1893223.0,75.2,0.0,2336134.0
254,2021-01-01,Lithuania,3948.0,3948.0,0.0,5874.0,2346.0,0.0,0.0,13.0,218.0,41.0,0.0,34.6,233.1,108.6,2810761.0,71.6,400.0,2464603.0
255,2021-01-01,Luxembourg,16595.0,12417.0,4179.0,7129.0,628.0,0.0,0.0,193.0,33.0,0.0,38.0,26.627,2203.282617943114,2325.6321590508132,634730.0,138.7,163.0,2002903.0
269,2021-01-01,North Macedonia,252.0,252.0,0.0,892.0,907.0,0.0,0.0,33.0,27.0,12.0,20.0,3.8,0.0,0.0,2068808.0,48.9,335.0,1266230.0
266,2021-01-01,Norway,41401.0,41379.0,22.0,205440.0,4196.0,0.0,64.0,3148.463737759391,0.0,468.51862806021506,274.95737907957005,152.43002209194356,1987.956,1358.361,5391369.0,141.4,580.0,14136316.0
259,2021-01-01,Poland,333176.0,237776.0,2371.0,29313.12,37474.0,0.0,459.0,3154.0,1739.0,405.0,1765.0,418.0,3540.48,2611.715,37073357.0,60.5,1761.0,18893812.0
260,2021-01-01,Portugal,120702.0,120676.0,26.0,60525.0,3225.111,0.0,0.0,876.0,75.0,53.0,69.0,164.266,0.0,306.582,10394297.0,88.4,3065.0,22347692.0
261,2021-01-01,Romania,52559.0,52457.0,102.0,11271.0,20065.0,0.0,0.0,1492.0,1266.0,659.0,935.0,159.0,310.739,1786.7434232787652,19201662.0,56.0,931.0,10384613.0
263,2021-01-01,Slovakia,45858.0,43570.0,2288.0,32748.0,5352.176082139733,0.0,0.0,301.0,417.0,290.0,457.0,56.7,235.8,219.7,5459781.0,82.4,849.0,642078.0
262,2021-01-01,Slovenia,11663.0,11519.0,144.0,34645.0,2178.0,0.0,0.0,300.0,69.0,75.0,79.0,28.0,308.01,215.58,2108977.0,87.1,616.111,419346.0
249,2021-01-01,Spain,418501.0,418112.0,389.0,148643.0,22526.471,3035.004,711.226,3474.0,239.0,141.0,244.0,237.166,2295.495,1510.617,47400798.0,94.5,15825.0,91898241.0
265,2021-01-01,Sweden,164490.0,158926.0,5564.0,37612.0,15543.0,0.0,1692.0,855.0,179.0,74.0,453.0,220.0,3032.573,1901.05,10379295.0,128.7,2185.0,10798009.0
270,2021-01-01,Türkiye,10020.0,10020.0,0.0,12122.0,13022.0,1184.0,204.0,412.0,539.0,164.0,132.0,220.0,1931.515,1733.0,83614362.0,42.2,3532.0,168558965.0
268,2021-01-01,United Kingdom,1836886.0,1816345.0,20541.0,1237.0,31898.0,109.0,0.0,4095.259103678326,1761.087393419904,767.0819534486914,402.5664071200033,315.3675636957733,12054.444,6671.708,67025542.0,122.7,3851.0,277432380.0
288,2022-01-01,Austria,260992.0,249099.0,11893.0,178705.0,9762.0,0.0,254.0,1396.0,328.0,135.0,857.0,259.0,2580.0,2002.0,8978929.0,108.8,1749.0,26381180.0
281,2022-01-01,Croatia,18581.0,18228.0,354.0,13478.0,3928.0,0.0,0.0,340.0,120.0,109.0,134.0,28.0,241.941,141.077,3862305.0,72.6,1341.0,9415321.0
273,2022-01-01,Czechia,174327.0,166755.0,7572.0,136467.0,15272.0,0.0,0.0,1598.0,1165.0,817.0,980.0,272.0,2442.074,1737.442,10516707.0,89.7,1363.0,11532650.0
274,2022-01-01,Denmark,184897.0,170901.0,13996.0,61254.0,3140.7252105341786,57.0,0.0,113.0,47.0,784.0,72.0,108.0,1653.315,1404.377,5873420.0,147.4,1355.0,26649573.0
276,2022-01-01,Estonia,7129.0,7129.0,0.0,5778.0,2151.0,0.0,0.0,42.0,173.0,20.0,0.0,7.31,0.0,0.0,1331796.0,99.3,225.0,2731365.0
294,2022-01-01,Finland,76089.0,76058.0,31.0,132302.0,6728.0,0.0,1120.0,392.0,229.0,16.0,204.0,80.0,801.0,519.0,5548241.0,126.0,948.0,13812577.0
280,2022-01-01,France,1141822.0,1112558.0,29264.0,378000.0,48944.0,2681.0,12657.0,17132.0,1797.0,1092.0,1020.0,642.4189998195925,7602.907664662173,4454.11553101365,67957053.0,112.4,11751.272,136560938.0
275,2022-01-01,Germany,2505856.0,2485824.0,20032.0,848000.0,70108.335,1103.561,1625.0,24362.98259699245,1545.0,2086.4620766145745,3774.0,1016.9036974116514,11995.955449257133,7455.0,83237124.0,108.4,13172.0,155302643.0
278,2022-01-01,Greece,15421.0,15421.0,0.0,9050.0,2688.0,0.0,0.0,147.0,54.0,75.0,21.0,21.15,0.0,241.4402606538281,10459782.0,87.4,2205.0,57905970.0
286,2022-01-01,Hungary,146010.0,143407.0,2603.0,139600.0,11603.0,0.0,0.0,1693.0,555.0,321.0,585.0,204.16127480464024,1391.522929728646,832.0458324976098,9610403.0,67.3,1867.6,12393512.0
277,2022-01-01,Ireland,35845.0,35304.0,541.0,17248.0,2426.0,0.0,0.0,0.0,199.92131120003174,429.3663227706827,0.0,40.7,17.6,2683.4333595793523,5154277.0,138.3,995.0,32405890.0
282,2022-01-01,Italy,681577.0,677040.0,4537.0,341498.0,24560.0,734.0,175.0,8127.095899819592,392.0,275.8823711865904,2047.0,413.7273177710832,6284.0,4658.0,59030133.0,99.8,7558.0,132425719.0
283,2022-01-01,Latvia,15694.0,15679.0,15.0,6236.7,2213.0,0.0,0.0,133.0,158.0,25.0,0.0,42.64445094894825,256.73,170.85,1875757.0,80.6,0.0,5368369.0
284,2022-01-01,Lithuania,4464.0,4460.0,4.0,6152.0,3462.7,0.0,0.0,92.0,206.0,40.0,0.0,10.5,270.9,153.9,2805998.0,78.9,400.0,5333890.0
285,2022-01-01,Luxembourg,22038.0,15916.0,6122.0,7129.0,628.0,0.0,0.0,192.0,29.0,0.0,38.0,26.627,2168.0351595245193,2298.0314726280585,645397.0,137.1,163.0,4057247.0
299,2022-01-01,North Macedonia,406.0,406.0,0.0,857.0,907.0,0.0,0.0,31.0,27.0,12.0,20.0,3.7,0.0,0.0,1837114.0,52.0,335.0,2134988.0
296,2022-01-01,Norway,66695.0,66391.0,305.0,208566.0,4240.0,0.0,86.0,3210.452073549681,0.0,477.6106198753779,273.8942677224264,154.1058685471932,1987.956,1358.361,5425270.0,141.9,580.0,32562643.0
289,2022-01-01,Poland,333176.0,330805.0,2371.0,29851.323,37786.0,0.0,459.0,3327.0,1616.0,405.0,1610.0,413.0,3324.94,2356.757,36889761.0,61.6,1802.0,39347696.0
290,2022-01-01,Portugal,171653.0,171542.0,111.0,62655.0,3225.111,0.0,0.0,857.0,63.0,49.0,70.0,162.059,0.0,473.252,10421117.0,87.3,3115.0,51165525.0
291,2022-01-01,Romania,69316.0,69015.0,302.0,12360.0,19629.0,0.0,0.0,1346.0,1274.0,662.0,892.0,131.0,310.739,1751.430009732823,19042455.0,59.9,949.0,19535951.0
293,2022-01-01,Slovakia,66705.0,62139.0,4566.0,34751.0,5341.429387880557,0.0,0.0,174.0,421.0,290.0,441.0,50.1,251.2,233.3,5434712.0,85.2,861.2,1942568.0
292,2022-01-01,Slovenia,13909.0,13543.0,366.0,36028.0,2169.0,0.0,0.0,298.0,73.0,63.0,79.0,25.0,346.03,235.34,2107180.0,88.4,616.023,968811.0
279,2022-01-01,Spain,554154.0,553352.0,803.0,169829.353,22725.796,3141.777,791.358,3458.0,235.0,129.0,279.0,250.0,1700.874,814.184,47486843.0,93.6,15856.0,200714943.0
295,2022-01-01,Sweden,243972.0,231916.0,12056.0,40724.0,15545.0,0.0,1692.0,373.0,176.0,86.0,470.0,229.0,3122.037,1944.758,10452326.0,122.7,2193.0,25038812.0
300,2022-01-01,Türkiye,27031.0,26411.0,620.0,22949.0,13022.0,1212.0,204.0,412.0,539.0,164.0,132.0,220.0,1931.515,1733.0,84680273.0,41.4,3633.0,168558965.0
298,2022-01-01,United Kingdom,1836886.0,1816345.0,20541.0,1357.0,31892.0,109.0,0.0,4077.205442798964,1753.4177076845917,760.1963203893795,404.29002669343174,314.73290301940875,13810.451,7102.819,67025542.0,128.5,3859.0,277432380.0
318,2023-01-01,Austria,304857.0,291275.0,13582.0,183953.0,9762.0,0.0,254.0,1396.0,325.0,194.0,847.0,269.0,2580.0,2002.0,9104772.0,111.7,1749.0,33063166.0
311,2023-01-01,Croatia,23851.0,23522.0,329.0,13457.0,3923.0,0.0,0.0,391.0,120.0,109.0,133.0,30.0,274.0,203.0,3850894.0,74.7,1341.0,10820864.0
303,2023-01-01,Czechia,183979.0,175971.0,8008.0,141477.0,15169.0,0.0,0.0,1187.0,1084.0,874.0,1032.0,277.0,2544.826,1678.429,10827529.0,92.7,1388.0,14924873.0
304,2023-01-01,Denmark,202866.0,185951.0,16915.0,63873.0,3106.4638697418677,57.0,0.0,169.0,50.0,784.0,72.0,109.0,1971.037,1722.611,5932654.0,145.1,1355.0,31737374.0
306,2023-01-01,Estonia,7805.0,7805.0,0.0,6026.0,2135.0,0.0,0.0,42.0,173.0,20.0,0.0,7.31,0.0,0.0,1365884.0,100.9,225.0,2946375.0
324,2023-01-01,Finland,82406.0,82406.0,0.0,127743.0,6731.0,0.0,1119.0,392.0,229.0,16.0,204.0,80.0,735.0,433.0,5563970.0,124.4,948.0,16602938.0
310,2023-01-01,France,1226405.0,1194639.0,31766.0,366029.0,48906.0,2681.0,12657.0,17380.0,1782.0,1088.0,1005.0,638.3838634026207,7617.385400904762,4490.492795173674,68172977.0,112.2,11751.272,160064262.0
305,2023-01-01,Germany,2727923.0,2706433.0,21490.0,848000.0,71246.0,1163.0,1625.0,24297.01615859967,1545.0,2074.1411603415295,3774.0,1013.4176937585463,11973.002649050508,7455.0,84358845.0,108.5,13210.0,185279468.0
308,2023-01-01,Greece,12807.0,12807.0,0.0,6090.0,2456.0,0.0,0.0,148.0,54.0,75.0,18.0,20.61,0.0,213.21351924023838,10413982.0,85.7,2296.0,63464819.0
316,2023-01-01,Hungary,146010.0,143407.0,2603.0,135385.0,8766.0,0.0,0.0,1999.0,541.0,360.0,654.0,191.97493382362563,1035.5062617671783,638.598249559263,9599744.0,73.9,1870.6,14914925.0
307,2023-01-01,Ireland,46066.0,45443.0,623.0,17735.0,2426.0,0.0,0.0,0.0,201.47916712462643,405.8905413825355,0.0,40.7,17.6,2459.2558625559586,5271395.0,137.1,995.0,39039554.0
312,2023-01-01,Italy,814441.0,809498.0,4942.0,348189.0,24567.0,1097.0,0.0,8232.19804572867,392.0,282.0657561637423,2047.0,415.9134671791859,6284.0,4658.0,58997201.0,97.8,7558.0,162860378.0
313,2023-01-01,Latvia,17134.0,17117.0,16.0,6467.2,2216.5,0.0,0.0,133.0,147.0,25.0,0.0,42.01993841758929,257.19,161.01,1883008.0,82.0,0.0,6618744.0
314,2023-01-01,Lithuania,4719.0,4680.0,39.0,6291.0,2411.2,0.0,0.0,1.0,189.0,91.0,0.0,11.1,270.9,153.9,2857279.0,82.1,462.0,5992018.0
315,2023-01-01,Luxembourg,28688.0,19917.0,8770.0,7333.0,628.0,0.0,0.0,192.0,29.0,0.0,39.0,26.627,2038.0127675774102,2195.7798979227446,660809.0,134.0,167.0,4791916.0
329,2023-01-01,North Macedonia,280.0,280.0,0.0,597.0,908.0,0.0,0.0,31.0,27.0,12.0,20.0,3.7,0.0,0.0,1829954.0,54.0,335.0,3142510.0
326,2023-01-01,Norway,78220.0,77759.0,461.0,212694.0,4660.0,0.0,86.0,3271.836496069719,0.0,479.2803727598466,279.8147405559963,155.17507454663308,1987.956,1358.361,5488984.0,124.2,637.0,36378878.0
319,2023-01-01,Poland,364676.0,361212.0,3464.0,27982.12,37817.0,0.0,459.0,4560.0,1698.0,405.0,1710.0,424.0,3727.433,2611.405,36753736.0,67.4,1851.0,50168610.0
320,2023-01-01,Portugal,200459.0,200345.0,115.0,64490.0,3225.111,0.0,0.0,857.0,65.0,49.0,72.0,162.857,0.0,621.639,10516621.0,86.7,3113.0,61105311.0
321,2023-01-01,Romania,73196.0,72842.0,354.0,12807.0,19625.0,0.0,0.0,1346.0,1273.0,692.0,915.0,153.0,310.739,1758.8735743795266,19054548.0,61.1,997.0,22964198.0
323,2023-01-01,Slovakia,71689.0,66635.0,5055.0,34864.0,5370.395574428325,0.0,0.0,174.0,421.0,290.0,452.0,50.1,392.9,364.7,5428792.0,83.8,864.6,2432780.0
322,2023-01-01,Slovenia,14483.0,14039.0,444.0,39433.0,2169.0,0.0,0.0,193.0,75.0,76.0,77.0,24.0,483.17,356.29,2116972.0,89.5,616.023,1268352.0
309,2023-01-01,Spain,666205.0,665205.0,1000.0,351096.91,22613.937,3189.919,747.443,5212.0,227.0,173.0,293.0,321.613,3744.612,2827.082,48085361.0,91.1,15856.0,236026566.0
325,2023-01-01,Sweden,243442.0,229093.0,14349.0,41742.0,15743.0,0.0,1692.0,369.0,204.0,84.0,505.0,233.0,3131.948,1863.174,10521556.0,114.3,2194.0,29440506.0
330,2023-01-01,Türkiye,25610.0,24870.0,740.0,22949.0,13022.0,1212.0,204.0,412.0,539.0,164.0,132.0,220.0,1931.515,1733.0,85279553.0,43.4,3726.0,168558965.0
328,2023-01-01,United Kingdom,1836886.0,1816345.0,20541.0,1329.0,31947.0,109.0,0.0,4059.579212650592,1746.8999463934088,750.1039555156965,410.0903831479379,314.56046583905385,13810.451,7102.819,67025542.0,128.5,3864.0,277432380.0
